Accel_magnitude,Gyro_magnitude,Accel_Y_rolling_mean,Gyro_X_rolling_var,Yaw_var_log,Pitch_var_log,Accel_X_mean,Gyro_Y_mean,Roll_mean,Pitch_mean,Yaw_var,Accel_Y_var,Label
9.60850892646893,0.4034352867087642,-9.675102578290456,,1.7631351566250812,3.034723465705341,-0.08568188,0.06102832,-39.4744946,-4.53088072,4.830688891709059,0.6488269124339514,Stop
8.84267674054556,1.4466501645224976,-9.675102578290456,,7.099142734990187,5.333600151795366,-6.3009731,1.33296968,-55.72153602,12.54509152,1209.9285427386385,4.859066979238993,Stop
9.09663231069937,1.2516877740774917,-2.7027486,0.03958289031114654,3.1454460433158693,5.56098342860757,-6.52852084,-0.35874128,-71.06391492,44.52597308,22.230034764500413,6.893421498401808,Turn Right
10.084627192274358,0.41555196762163593,-6.26394702,0.04598154003009654,3.637213951567087,0.20460977819203596,-1.06021832,-0.3891811599999999,-150.75819024,82.17795297999999,36.98585872185945,4.394667206525795,Stop
9.772571847453493,0.09569406894696453,-8.64802532,0.02325832950231637,1.814508499595376,0.04148053584416696,-1.75359736,0.0888819,-124.47890498,79.97221044,5.138058577655404,0.0286837668754862,Stop
9.791456161927245,0.08299732130860611,-9.758537026666666,0.007615202054393691,1.901522683226371,0.04028074005260965,-1.5903947,-0.07227408,-127.02890306,80.30454104,5.696082696373113,0.0112925369696118,Stop
9.80313306512678,0.051182274717169005,-9.646018006666667,0.001187645694535582,1.1796355639037688,0.04923998550893671,-1.51345476,-0.0482623725490196,-137.27531692,80.54212566,2.253188407545931,0.01191630102618,Stop
9.824841528073684,0.23888414556146081,-9.684695586666667,0.0001836302285612171,1.9200038103103756,0.266247574287007,-1.3424054799999998,-0.23639644,-140.54574794,81.90148898000001,5.820984459309091,0.023543253833959,Stop
9.777272711911985,0.36520724504142466,-9.706672873333334,0.006006744747002458,5.470325423223947,0.2357589438439866,-1.02594248,0.3438732,-112.51796418,84.21232287999999,236.53748039756815,0.0340436232449239,Stop
9.786974064672869,0.07017879417785111,-9.724850086666669,0.004602394240088069,3.500799167424433,0.06903576991807156,-0.74089924,0.04255014,-66.84222064000001,83.39671182000001,32.1419273268599,0.0210711792439628,Stop
9.79332268127888,0.2159134137932389,-9.726842480130719,0.005113058190929675,1.7490796323405398,0.4688173523669105,-0.5058304509803921,0.20881184,-43.40223358823529,83.82889094117647,4.749308762356844,0.0565149458194992,Stop
9.846364966470038,0.09755006481181028,-9.74875990013072,0.001394153230081543,4.4048349711953865,0.8875719707937625,-0.78833568,-0.0666602199999999,-50.85089064,84.81437104000001,80.84563484131284,0.035837622085633,Stop
9.749435242496643,0.4082739472059538,-9.73195186013072,0.0012612342167235518,4.496970621097554,0.44442121644726545,-0.3983306199999999,-0.4023239199999999,-60.22628092,81.91537819999999,88.74484793507443,0.0848843232794778,Stop
9.79378550948371,0.23871212887976004,-9.721263533333333,0.012382434174171652,6.300279850897734,1.2905964400805865,-1.30856984,-0.1187809411764705,-139.32871613999998,82.58216399999999,543.7243303903377,0.0388976280505306,Stop
9.813499304725884,0.07855931145289399,-9.674155493333334,0.011690392191574885,3.1617846089587434,0.1375247056823408,-1.32043718,-0.07786848,-55.80848804,79.73826176,22.61269778222429,0.0163022771564281,Stop
9.796391976983152,0.2682921970215742,-9.647728426666667,0.01735029015187859,0.9308254090595854,0.20004099407986028,-1.66420928,0.26062662,-162.05881028,78.97864962,1.5366020480729572,0.054169853735298,Stop
9.783960019409207,0.21783535777911356,-9.63790086,0.00030718096871849035,2.5194022854750333,1.263319953982521,-1.38942268,-0.20331092,-156.27788698,81.22939246,11.42117013052121,0.0359739768421733,Stop
9.79159145525677,0.15538443047239064,-9.662889913333332,0.0007963238520384901,2.8879629707751158,0.05382373382055681,-0.86575768,-0.15376418,-13.335177900000003,83.1853883,16.95669401021571,0.0580721766597016,Stop
9.803717970314088,0.19447979020738168,-9.706232375686275,0.0006678989970184902,2.5203740627274316,0.036274927494156985,-1.1082248823529413,0.18974532,-163.14471319607844,83.12814252941176,11.433246607974889,0.0293489111853127,Stop
9.803717970314088,0.19447979020738168,-9.724901158039216,0.0008896141298351562,2.5203740627274316,0.036274927494156985,-1.1082248823529413,0.18974532,-163.14471319607844,83.12814252941176,11.433246607974889,0.0293489111853127,Stop
9.797267781520684,0.07324800548002655,-9.70897027137255,0.00048511438302715587,1.402839013337383,0.15103786545990563,-1.45635748,0.06772518,-155.4593986,81.30163732,3.066729091561997,0.0324173069939282,Stop
9.80339505979649,0.27828092137724,-9.703799422352942,0.000865831238457555,2.9839154866821964,0.11720944111024147,-1.25798998,-0.2760309,-155.7435159,82.21714872000001,18.765055143113493,0.031503150121602,Stop
9.782811138445496,0.0906431843785792,-9.691988413333332,0.0005966705746999327,4.344005509551377,0.31727797762842064,-1.31545848,0.0805244117647058,-156.87910132000002,82.00211304,76.01540829417604,0.0649175073513424,Stop
9.824502716951404,0.1611654778554327,-9.685674533333334,0.0006095666858613354,2.437539973059918,0.14613231348670583,-1.73671852,0.1609962399999999,-153.54054152,80.17233932,10.444851440920091,0.0243728211368833,Stop
9.791925177036548,0.02371953351063203,-9.675071586666666,7.644333746531219e-05,0.5917448561128131,0.05193255762073231,-1.4114389399999998,0.0205905199999999,-149.91255704,81.29094065999999,0.8071388633517923,0.0085191726791351,Stop
9.790036138680339,0.04832709206369859,-9.6725089,1.0484548152357189e-05,0.381481776387585,0.012940909146155899,-1.38127362,0.04744246,-145.89884312,81.6384638,0.4644529743448042,0.0131301186435984,Stop
9.800391321539632,0.01774360974879689,-9.67692737137255,9.331777075235765e-05,0.3463247572360107,0.017086178091434246,-1.552007882352941,0.01048674,-144.5226420980392,80.96478815686274,0.4138617030864817,0.0096891233876517,Stop
9.800630509687092,0.05393760557171962,-9.672311978039216,0.00014640289525769086,0.8133409287690587,0.0015193980372620308,-1.5615168599999998,0.05138392,-142.91165924,80.77151124,1.2554306464774263,0.0033882318401975,Stop
9.794180148325003,0.031967242298490496,-9.66549813137255,0.00015528458376155738,0.19127751904771137,0.024506178089368072,-1.561927,0.03057112,-136.24455596,80.9614403,0.2107954242529166,0.0041124784706322,Stop
9.79405719235108,0.03218151849037582,-9.6694273,0.00027503860677468574,0.5548365563687625,0.020175404171187534,-1.4493520599999998,-0.0272180588235294,-138.96596888,81.50972372,0.7416562988798043,0.0053819388497142,Stop
9.802287371048367,0.02544431752288902,-9.673427966666667,0.0002559223561430611,1.1677175883413002,0.009644089168241663,-1.5250586000000002,0.0211696,-136.93400526,81.1985739,2.214647110913829,0.0036680269388506,Stop
9.800209829201698,0.054057351804745295,-9.681023193333333,0.000238915688233587,0.3243151486192982,0.018781179336253753,-1.46662306,-0.0533155,-136.40662328,81.46148269999999,0.3830831151778416,0.0084915632537653,Stop
9.785637947351608,0.04176444697087703,-9.675996666666666,0.0003205908592283563,1.8561552235672938,0.013876436849428561,-1.48847772,0.03500674,-139.48923464,81.42126954,5.399086357711116,0.0069842143272363,Stop
9.812740812867482,0.04019541594346794,-9.6827237,0.0003506223683200896,1.6390769891485732,0.005163145206092646,-1.427773,0.03655194,-143.26246404,81.36296498,4.150413430129302,0.0121762780648037,Stop
9.793568585433135,0.007363424373944503,-9.674239342483661,0.00035661334671368964,0.6958553536287605,0.006915888481322994,-1.5780067450980393,0.0020997,-135.6980558627451,80.96588364705882,1.005423686964248,0.0064212755620784,Stop
9.800766500041666,0.02369607043731091,-9.680104155816993,0.00022349233499315634,2.845802299017016,0.038325325818994435,-1.46941932,0.0112014,-135.86244848,81.38906386,16.215365000199093,0.013256689713331,Stop
9.79987377364159,0.07509416342548335,-9.68218880248366,0.000274775977992491,2.6877673711739556,0.0917745064134135,-1.3604938000000002,-0.07202622,-133.9945909,82.29832204,13.698822244805235,0.0083373465726792,Stop
9.791017681957136,0.13038936073729987,-9.698518826666666,0.000275636997333136,1.4103664873410588,0.11603840058266414,-1.24161102,0.129835725490196,-132.81359278,82.72209790000001,3.097456794979886,0.007672201402908,Stop
9.787841277992355,0.18048497009031972,-9.694923273333334,0.00021705731883861815,2.184199250514847,0.015644310542288663,-1.43199714,-0.18012778,-136.98901286,82.0042569,7.883532220699696,0.0386696267550613,Stop
9.741511092293129,0.26612858603100864,-9.681520146666665,0.0028932358811925847,5.192626712992848,1.3825744325094662,-1.1678773,0.24465536,-103.10102444,80.56220551999999,178.9405849865881,0.8429977572472991,Stop
9.789977171403041,0.7409623101084869,-9.698389059999998,0.014220563324898482,8.502713528128563,2.1982916925617175,0.74180644,0.72244912,23.285621000000003,84.94307838,4927.123314468978,1.1597174072202103,Moving Forward
10.120660927057793,1.0572341777902947,-9.76934071359477,0.014569748371138481,5.426794790903288,2.9671889083211673,-1.6269872745098035,1.0292186,-82.3302561372549,76.21531288235293,226.4191500663484,1.271763465039199,Moving Forward
9.514633962763531,0.3568531272135638,-9.71819307359477,0.040721650412464866,7.911055500121479,2.922335294765371,-0.20433118,-0.27047926,44.10601596000001,83.1150873,2726.267578938196,4.946257988417663,Moving Forward
9.77451076171529,0.1135594016144467,-9.722133893594771,0.02555787022073433,9.070500966250023,2.2697853516540625,0.1989512599999999,-0.09408522,-3.16746636,84.13162796,8693.97860564528,0.963739724820337,Moving Forward
9.980724897157355,0.2012347679373323,-9.719084053333333,0.027319551182472028,9.09920626958441,1.0845091095719412,-0.6996212800000001,0.1210736862745098,-77.89733122,82.9915267,8947.187435489937,0.408605702389516,Stop
9.777997982857546,0.06888397930729902,-9.773509866666666,0.004952833468209105,3.3792930955441585,0.3499613272294139,-0.93286606,0.03853414,-49.6292403,82.2891188,28.35001612108049,0.0838821912350126,Stop
10.383511004581583,0.7500250925836293,-9.954446599999999,0.009437535323265241,10.14759456450281,3.053501332398136,-0.84969906,-0.68209504,-94.16365824,79.36612558,25528.618438295056,2.1009733651947897,Stop
8.927967310598884,0.7576087549610754,-9.407381226666667,0.003275055010628741,5.781687245861736,4.717547695784853,-0.1138262799999999,-0.35894458,16.855480399999998,60.9668401,323.3059128693701,4.469443440908101,Moving Forward
9.86458573377062,0.23215720552580224,-9.352132728235295,0.04339280137666808,6.031458143738497,2.5107768556151466,-2.569577137254902,-0.06614088,-55.09401704,79.31357726,415.3216438071101,2.6519830983530244,Turn Right
9.72272820218647,0.1883465598645996,-9.126431081568628,0.04449406180405209,5.393824895314447,1.4481884794299913,-1.25645718,-0.08480028,-110.51240288235294,81.76443501960784,219.0434210560681,4.4036009869278505,Moving Forward
9.848110408088102,0.5301420842655471,-9.629967981568628,0.029098427564390898,2.5958274849402594,0.5524136127144683,-1.39307208,0.51868278,-100.5472765,78.35290994,12.407677423497155,0.599661222397489,Turn Right
9.798457470528472,0.08732799117004057,-9.688423819999999,0.01804221999418226,3.3649554322760693,0.5064096219952104,-1.4365896,-0.0775290196078431,-88.45015917999999,82.85299036,27.932207827664797,2.8241598759169007,Moving Forward
9.782607755619411,0.06908108439445924,-9.710588733333333,0.002567452295185995,1.5819839069179322,0.21449583891503812,-1.14701378,0.06796678,-93.88496686,82.56151328,3.864597152256907,1.6033338133236836,Moving Forward
9.84501118934453,0.05426737315261528,-9.716700013333332,6.278721023664761e-05,2.985355267313159,0.0919218347695482,-1.1459659,-0.0529361999999999,-94.89873214,84.21717712,18.79353298267989,1.977057266027225,Turn Right
9.82526199013034,0.14260709469146335,-9.74109628,0.0016573124245168908,0.9552180548383977,1.9292555601413486,-1.01725158,0.0375525,-96.01570712,80.16526221999999,1.5992372973987008,4.006587777969341,Turn Left
9.856413722907371,0.32588316633042397,-9.767458453333333,0.008123433528219686,1.5406955135371179,1.6702988068637383,-1.0428902599999998,0.3022373,-84.06937765999999,78.33872876000001,3.66783568515062,2.658044981514657,Moving Forward
9.844545192390243,0.15696039695871056,-9.767588781045752,0.009121955778338752,5.099057513663584,0.4553840520422428,-0.925091,-0.13869404,-87.54677231372548,84.70998394117647,162.86739171924825,4.348476638924975,Moving Forward
9.680257531588532,0.06839013432940455,-9.716286467712417,0.006084236509680884,2.23188576458363,0.019004827114812897,-0.7994994,-0.06729972,-102.11657162,84.24747638000001,8.317419983632186,2.195516215097266,Moving Forward
9.832042396464361,0.0263985472553093,-9.711506394379086,0.0009679075671248883,3.8448319658205774,0.28152912475734554,-0.88675298,0.0054886799999999,-91.07329312,84.32196459999999,45.75082795384651,4.224467091922939,Moving Forward
9.726303890530698,0.08709986389547647,-9.676030546666667,0.0005700127148339138,2.1887703073435683,0.10095446435471922,-0.957454,-0.0842117058823529,-92.52178686,85.88550258,7.924232301644253,2.202665187849275,Moving Forward
9.814077936957254,0.023855416518618902,-9.726136346666667,0.0005800494684025409,3.1545451640489017,0.07101253105017047,-0.95287944,-0.0220429599999999,-94.51813608,85.2410322,22.442372232563866,3.059735736067519,Moving Forward
9.84028409950004,0.03992003320988585,-9.731349533333335,0.0002627183636022593,2.7671395137678827,0.38289442954730984,-0.8840975,-0.0049834,-95.6639253,83.77483561999999,14.913049784532284,4.492914783232432,Moving Forward
9.72773452249436,0.024121586565970323,-9.733741586666667,0.00019828005641755295,1.0070880233396478,0.022773855422194334,-0.95856166,0.02337928,-91.1078933,83.26003004,1.7376175184617753,3.2461253745543357,Turn Right
9.789716720620648,0.05439826736938962,-9.726204406666668,0.00012430826372248735,1.8543044177725465,0.33009739336672117,-0.879045568627451,0.04344218,-90.94656194117648,81.98465729411764,5.387253844818562,5.89762965881824,Moving Forward
9.722428407866358,0.10622761995077927,-9.685166746666667,0.0008791876810232863,1.3076503412474214,1.3331765943543028,-0.959852,0.05845256,-83.43239602,84.02412458,2.697475691400829,3.0360283054557256,Moving Forward
9.773271742525738,0.11572848703084475,-9.700576686666667,0.0012367026574840868,3.021328048901312,0.25807409558780764,-0.90245834,-0.11388014,-84.38666772,86.65380230000001,19.51852319999053,8.134809545633756,Moving Forward
9.86529986553967,0.038091048618919474,-9.727093406666667,0.0012955008494555964,3.164216616800049,0.3508553054146069,-0.86160528,0.0025338431372549,-95.0484646,84.54804618,22.67019393559377,1.5862929461810351,Moving Forward
10.01521948264553,0.018774831268322936,-9.822867233333334,1.3772356894657512e-05,2.8368807957115583,0.08494543308761798,-0.7873956400000001,-0.0157293199999999,-95.88111394,83.72034012,16.062461144745594,7.522344426378156,Moving Forward
9.761038344035857,0.02487451988601183,-9.820025173333335,0.00037722453488933834,3.0884059040081113,0.10052940714099773,-0.81167506,0.0096299399999999,-88.36542052,84.52495762000001,20.942072312455483,5.920688159370133,Moving Forward
9.888234567810558,0.03831168559923713,-9.82709346,0.0005561148480532879,3.4045917400286343,0.1284576517087155,-0.8486692600000001,-0.0296496399999999,-86.78413564,84.70415196,29.10200377173458,10.841135736688104,Moving Forward
9.686517400579035,0.027209469244114264,-9.720139860000002,0.0005551926727524879,0.5732428169264493,0.16326117717166838,-0.83230824,0.02053692,-93.71379162,83.20933790000001,0.7740105252425186,4.314321013920499,Moving Forward
9.91495779419937,0.009658404399195552,-9.769550597908497,0.00025699069178435497,1.3614273859535708,0.11155602776109824,-0.8270184117647059,0.00125958,-94.64401439215686,83.60937547058823,2.901758644387599,5.484166276524579,Moving Forward
9.795237804873949,0.015362576299071702,-9.73751125124183,8.217465276035448e-05,1.7669754692150281,0.09725207974739507,-0.8526838800000001,0.0017359199999999,-91.720988,83.9792942,4.853123610261744,3.709353586919816,Moving Forward
9.853987601645404,0.05300404636745765,-9.796932684575165,0.000212194848693687,2.6432025923262232,0.22141735437396023,-0.8197583399999999,0.04679924,-85.47061907999999,83.2168618,13.058154126747228,4.555609104250187,Moving Forward
9.781512277648327,0.08752533481758526,-9.751541566666667,0.000389924551742896,4.055315044028711,0.35330744584700835,-0.99475046,-0.0848684901960784,-74.47017206000001,85.8308626,56.70333922531609,5.610075556736284,Moving Forward
9.777700721753886,0.096656549492069,-9.750026693333334,0.0003689198752173423,2.8215048502252826,0.7854464719970018,-0.8081244599999999,0.0736061599999999,-88.26772129999999,82.60702146,15.802116325397378,5.786855880845132,Moving Forward
10.072214027752972,0.13111274462903597,-9.81426812,0.0034088188195382798,5.811907833158588,0.38928378926974244,-1.17512532,-0.07810036,-40.74942944,81.96395742,333.25622284918285,6.3301388103351,Moving Forward
9.63541197950458,0.21537350899238555,-9.771571933333334,0.0033100136800923523,6.845111011614793,0.7803034571281505,-0.70315976,-0.18616942,0.1647486199999998,86.12053594,938.2775459396212,4.448195265105796,Moving Forward
9.917621222589702,0.4321056219482519,-9.816361676078431,0.0031755328590216837,2.1049616608293036,1.146306050230114,-0.958037137254902,-0.42639316,45.34851796078432,83.76015623529412,7.2067883621043,4.991747445870606,Moving Forward
10.073000257643303,0.45818347091554706,-9.822381182745097,0.0026916643328043547,5.311636613052122,1.313666959347425,-1.05649698,-0.44022722,-12.66794524,83.78842624,201.68166855870177,2.3413295840827417,Turn Left
10.01091696220843,0.2500325831261054,-9.944903349411765,0.0025533407705976862,4.231989649393983,0.353767700982015,-1.06752612,-0.2487559,-55.86421824,86.00053422,67.85409147906535,4.201154297370132,Moving Forward
9.79875804016319,0.21440377819363335,-9.907314633333334,0.002723239345490816,7.132412264504018,0.8621173839845571,-0.8957343400000001,-0.1693767843137255,-43.91500312,86.0843636,1250.8932250339874,1.4650145322641703,Moving Forward
9.780045887692983,0.027366670166010253,-9.8115677,0.0030334415728916625,2.6569023522565254,0.08439859484719375,-0.83399074,-0.0220328599999999,168.42857555999998,83.98065654,13.252072749704036,1.4955361250726356,Turn Left
9.885523568006082,0.03304107550538269,-9.769219806666667,0.002547145657179911,1.6943409514057648,0.3374083692561564,-0.9258936,0.02456328,169.35134514,83.4025252,4.443057543448172,1.705430106439196,Moving Forward
9.704583667634232,0.01650898108232001,-9.734427166666668,0.00030138421902488956,2.226061791350226,0.13044969308314247,-0.90685922,-0.00254736,172.6805201,82.56405998,8.263313289946494,1.4524077482257245,Moving Forward
9.791671689690952,0.06672345983679503,-9.73289936,0.00054414226431289,1.1181568662333539,0.8990892508655546,-1.0016001799999998,-0.0010094799999999,175.81907148,80.95493198,2.05921046969676,1.696119516742025,Moving Forward
9.598642730945148,0.0835529852721636,-9.632845737647058,0.0020493224991224874,4.110512548385587,0.43093453584946234,-1.1669409607843138,0.0567530999999999,-136.1221465490196,77.29807980392157,59.97796371821681,2.0134688270985133,Moving Forward
10.21808897639135,0.10256779160230556,-9.791795190980393,0.0023796079487896885,4.283229097393644,0.923767717604342,-1.38295618,0.0956544199999999,-160.66927320000002,79.51105476,71.47408845764733,10.553668996541086,Moving Forward
9.82089112320706,0.08854722573340172,-9.80942451764706,0.0015790011544880866,4.2868647475912045,0.3159643637839437,-0.88208866,0.0793543,-159.86559658,81.29010011999999,71.73805845218598,5.016109494950385,Moving Forward
9.618043069277185,0.09973664699767626,-9.821377326666667,0.001693605084006974,5.142722910117472,0.6419164000442896,-1.00559384,0.0904654117647058,-154.6229353,80.37756794,170.18124545269566,3.9531008642805,Moving Forward
9.70869445542984,0.10363988917924219,-9.664221153333335,0.0016341674023237817,1.7382135153500875,0.3774408445681451,-1.0016302,0.09689426,-163.85325116,79.63388354,4.6871742923043485,4.054257602753337,Moving Forward
9.929198748143548,0.18867433713819376,-9.697801333333333,0.001820871292318644,2.168006688286971,0.32775928429889967,-0.93982658,0.1836327,-157.9909828,79.12132906,7.740843438629344,5.252214274643551,Moving Forward
9.649647893560028,0.018500536825714002,-9.70855098,0.0008458480076408882,1.6351283093928497,0.08520530631419641,-0.94267372,0.01793694,-154.21178412,80.12377162,4.130116196894117,7.530682462406125,Moving Forward
9.848978023138006,0.12982829563507794,-9.758748121437906,0.0006884198401336866,1.9130359918090358,0.5219739431348728,-0.8955141960784314,0.12285244,-149.33997392156863,80.77243505882353,5.773622274770316,8.66116583247897,Moving Forward
9.77455239422139,0.029052685399996996,-9.707962714771242,0.0004920506140784877,1.8357233371126933,0.05936058992876851,-0.66740206,0.0074896599999999,-137.25802722,82.15747938,5.269667588885394,6.975135006357828,Moving Forward
10.02342300340706,0.16364351986177514,-9.836746908104574,0.0001880730234008868,2.0060937073730916,1.4755206785201447,-0.8615394599999999,0.12437908,-122.00700032,78.89733164,6.434220313556899,4.795758607946581,Moving Forward
9.677930347745082,0.29734672438777643,-9.766646153333333,0.0010478962997656533,2.335937627452653,0.5642193632017994,-1.2799972199999998,0.2767474509803921,-109.3964003,74.40107893999999,9.3391496565376,6.190659915810174,Moving Forward
10.152234469422133,0.239543622664981,-9.892037406666667,0.0007328576758833158,2.4514042109390695,0.22058846266229706,-1.00687216,0.23153868,-81.44342572,73.40580766,10.60463063280131,2.024088555792,Turn Right
9.996350044342439,0.47076971583709715,-9.875943866666667,0.0004533851826732448,4.241449710545385,2.8830146821834783,-1.1167497,0.42558944,-71.87720586,79.43818105999999,68.50854610463253,0.8376872972589161,Turn Right
9.752045202484275,0.22639101620081215,-9.902908793333333,0.0004386186851348816,7.5264434207260535,0.7863960001325145,-1.22475006,-0.19670038,32.49716396,86.57045443999999,1855.4909906295688,1.2240129195385807,Turn Right
9.939241885532732,0.3159090437200404,-9.832542444313725,0.021887945051249687,8.006918195995768,2.792936202121585,-0.920057294117647,-0.11841732,-59.55624050980392,82.31051898039216,3000.652339907409,2.161430771074472,Moving Forward
9.82519546196497,0.25844966464711455,-9.782648197647058,0.022164601148780088,5.086401180076099,2.4991297265161534,-0.8773435399999999,0.1842227799999999,-97.63667896,84.13781034,160.80650051866613,0.738030859687731,Moving Forward
9.833643563957882,0.06952683726171355,-9.826940097647059,0.018931338163267558,6.781931315900233,0.28316635021555564,-0.66799492,-0.05286592,-86.73959402,88.17298408,880.7700572049729,0.9643829722240814,Moving Forward
9.796945675443624,0.08641888435422893,-9.78255108,0.0037080459292937957,9.110988926599298,0.4266103380010774,-0.81253732,-0.0670438235294117,3.7099298799999993,88.98106678,9053.244448654992,1.5553303153147038,Moving Forward
9.825348167858513,0.09573176551204098,-9.786293286666666,0.0007432035277275919,9.944097183363509,0.16142393545356623,-0.57077512,-0.08660546,-91.4915431,89.23053488,20827.90955947288,1.7456844845581692,Moving Forward
9.999569875133767,0.2357496460042687,-9.838361986666666,0.0009468848503048145,3.1741796513278904,0.3568600445957625,-0.7477579599999999,-0.23189936,64.28679426,86.25695164000001,22.907199582306447,6.838770158774992,Moving Forward
9.925316125889058,0.1878624683089009,-9.883440259999999,0.0034452688849424917,7.789428476588688,0.5072630388024156,-0.70497998,-0.1239394,9.203359,86.8306723,2413.9369946842567,2.6176805613211283,Moving Forward
9.768109840580212,0.055221477583787995,-9.862547733333335,0.003224264536426492,5.504371795754616,0.41905082528530974,-0.8053283600000001,0.00910508,-31.07934024,86.2226225,244.76401717548688,5.696362315445083,Turn Left
9.96167656385262,0.16487300806260072,-9.838333235947713,0.0067141412353464896,4.631563252976407,1.6610043753075143,-1.1617459019607843,-0.11369778,15.42412137254902,85.4348732745098,101.67444485151216,11.437029769803562,Turn Left
9.835570673499676,0.22387504096014096,-9.790772155947712,0.0038747835496448875,3.559806813345206,0.29049280684400064,-1.25625956,-0.22190326,-6.01323918,82.17524324,34.15640474080035,4.686147220069946,Moving Forward
9.99144841771663,0.42351816968723216,-9.841942735947713,0.003867508343916887,5.494896567228958,0.8610534349745457,-1.41581572,-0.41214818,18.2960666,79.09840714,242.4463445283745,5.62039626261535,Turn Left
9.936655126281897,0.4076559750270426,-9.845555073333333,0.009593968455806888,7.1463113816845665,2.348041530463507,-0.71033584,-0.3554105490196079,37.160263,84.68430694,1268.414921646303,2.714865464625424,Turn Left
9.783941002258098,0.0762935012683859,-9.844880446666666,0.009203846821222075,7.71543526553598,0.8854315580073107,-0.4144281999999999,-0.03625388,163.86392764,85.57672814,2241.6988548860536,1.3504757748306533,Turn Left
9.844562082251779,0.06888958953402466,-9.818841579999999,0.0065604772585735275,3.6371984920036193,0.3093334622794678,-0.4062343,0.05255072,106.73350214,83.34068391999999,36.98527148160492,0.978314066772271,Moving Forward
9.4970429219528,0.05418735156658235,-9.669630893333334,0.001715698776223291,2.6132636422850153,0.3765813437561398,-0.72271218,-0.02218356,-171.78775638,83.92813294,12.643505792279957,1.312163805044496,Moving Forward
10.201385603948303,0.11751823263989795,-9.811524318169935,0.00029887433356849,4.191686537916029,1.0013034725934673,-0.7003905882352942,0.1032873799999999,-153.91384492156865,82.09548531372549,65.13423485144459,38.65497570119176,Moving Forward
9.736547021141146,0.08910907607889333,-9.774778738169935,6.245662990768974e-05,3.6705387637519435,0.7107316451519888,-0.84112786,-0.07394934,-128.36497047999998,85.22176225999999,38.27305906215426,1.3891820062533022,Moving Forward
9.753973418844234,0.09242385660217821,-9.862313678169935,0.00511537472009436,5.681888237786176,0.5891063303298524,-0.81966846,0.00821318,-147.76798686,83.56013512,292.5031106815246,30.59593426850669,Moving Forward
9.755590238140758,0.053435970344671936,-9.7142002,0.0038644147033872274,3.545704514436778,0.5672605381546632,-0.3994174,-0.0193276470588235,107.76342348,83.8253845,33.66409809923002,1.3792090951696878,Moving Forward
9.760126606472095,0.059561882533962836,-9.724920926666666,0.002453700333979961,2.312419437478185,0.13640431070930328,-0.463556,0.0575943799999999,171.3327612,83.03040478000001,9.098828605607013,1.338731342438455,Moving Forward
10.064949285715196,0.21284786054284868,-9.832259733333332,0.000977526606861351,3.620481908682279,2.0116875345996066,-0.52173702,0.1427811799999999,-57.31437082,78.65423388,36.355565456422106,3.8387960067,Moving Forward
9.978274469785779,0.23821567546222644,-9.902234206666668,0.0021326107413840866,1.8455422588351527,0.18906520924242295,-0.55760248,0.22908576,-154.82745202,76.05353674,5.331532188963259,8.47079700826399,Moving Forward
9.891983968345082,0.1985337644721401,-9.946020987320262,0.0022882298474176843,1.4464070715514832,0.5756166782020236,-0.5153224901960785,0.19334192,-145.90412656862745,78.60171501960784,3.247824933382601,1.59528621305313,Turn Right
9.824902295761392,0.14370188067020695,-9.865784860653594,0.00014588083696808564,1.381613418358286,0.7789861063603882,-0.54786972,0.13035518,-132.10677028,81.74010022,2.9813199831070047,3.579185413397964,Turn Right
9.777473157795372,0.06907857567161398,-9.804339613986928,0.00027423671987879803,3.7823280012500744,0.2796699587148778,-0.6095714,-0.0634126274509803,-91.73829376,87.29595929999999,42.91816436018468,2.353894467341888,Moving Forward
9.787097319295041,0.16759283102739805,-9.768542213333333,0.001280910564926672,5.9468030067068876,0.22539956344559814,-0.7404742,-0.16584498,-38.65510972,86.71243562,381.5284412482528,2.656374515005439,Moving Forward
9.84983304917056,0.21216438449186517,-9.756688826666666,0.0016736102624537485,2.3677675954068618,2.3882752630945268,-1.25073906,0.1041642,-90.48562742,81.34771796,9.67353801254085,2.1857382175611346,Moving Forward
10.006725281237973,0.28918872962117037,-9.835653646666668,0.003630361423920093,4.283174107914015,0.7026908500070196,-0.51455796,0.2837451,-88.49719166000001,75.45137546,71.47010325480959,32.55937921819586,Moving Forward
10.089448824706608,0.3544118456367535,-9.923734486666667,0.006876255498434486,4.477041935424727,0.11982954508722657,-1.20129082,0.33717346,-92.70697988,78.01608198,86.9740544688786,3.0788251640768687,Moving Forward
9.847348860949584,0.16839631286911363,-9.93597688366013,0.0067067349908595565,3.076645277222502,1.0198093383595095,-0.9723631764705882,0.15469468,-71.76987552941176,81.20416698039216,20.685531287602444,2.8236625553976933,Moving Forward
9.874506480214931,0.10186322629378278,-9.886672396993463,0.0032825001366171527,2.7717442667991876,0.04841072145074058,-0.6390301,0.09869782,-72.82938988,83.28428636000001,14.98649441618494,0.2299976734059692,Turn Right
9.782927309086194,0.0560013326885709,-9.795952050326797,0.0006183148656016894,4.827185830011583,0.19374984935345477,-0.83509842,-0.0092042,-37.54417616,84.72519606,123.85909106970352,0.3027980808830077,Turn Right
9.821860850177254,0.0693564067976838,-9.793564173333333,0.0020212875128715144,4.43858609099103,0.520191527231796,-0.75858352,0.0054566078431372,-48.09694294,84.3145067,83.65516231856982,0.2981078259628851,Moving Forward
9.823423752654177,0.10819322719655422,-9.771143793333332,0.002096456764796798,2.321666925753611,0.1865041652440968,-0.95181966,0.1035032,-45.10346198,83.01716474000001,9.19265054476832,0.7403676996802403,Moving Forward
9.727581822274203,0.03814599712819682,-9.74896392,0.0012448133319542787,2.16398698031797,0.1339610826721238,-0.97469514,0.0253072,-40.22266266,83.38108988,7.70577832357981,0.3159426020596393,Moving Forward
9.863390820770059,0.22799649173232905,-9.757915313333333,0.0012628369751771533,3.0371491072729113,0.08109037458683438,-0.94169776,0.22188592,-37.58583578,82.49361086,19.845729503137203,0.2715024030784078,Moving Forward
9.764453791140555,0.13543113840168072,-9.73024526509804,0.002295040462896486,6.194006299190959,0.30788097390319485,-1.1568296666666666,-0.073696,10.549078627450982,84.63773109803921,488.8044839793069,0.1244012248405035,Moving Forward
9.802723937664434,0.5663515399943685,-9.756847925098038,0.0005076906009560858,3.4105337915664085,0.7000949741807048,-0.9091793,-0.56249434,30.24372602,82.459528,29.28140390409837,0.1438490278495596,Moving Forward
9.860323485009273,0.38222747081080755,-9.755226291764705,0.0028998835684856893,5.362738298166436,0.539925200562102,-0.94416162,-0.3740608199999999,2.08189368,84.48949916,212.30824904409695,0.2611404868470721,Moving Forward
10.205871606185648,0.5328807624517564,-9.88150732,0.00137836523908258,3.956878766971872,0.8461040562924782,-1.54512894,-0.5282878235294117,-27.28397382,84.27970668,51.29384966728127,10.958227173369162,Turn Left
9.549953468802862,0.2337815670349918,-9.79753694,0.0030870910501386273,7.70148284925657,1.0949719655337657,-0.90551796,-0.19182332,-44.12560654,86.89979165999999,2210.625068169811,6.778285840150204,Turn Left
9.820912183178734,0.04725809468238425,-9.796015106666667,0.0030639106675205566,2.655533118837288,0.5536749957022058,-0.43065748,0.0285535399999999,156.92035422,85.12455806,13.232571689200334,0.7145955240792246,Turn Left
9.811443669905131,0.12445200109122391,-9.697327286666667,0.0036380987334920937,10.190653455154706,0.1609992831140551,-0.6214535999999999,-0.1158525,140.94934612,85.34602484000001,26651.905689587427,1.483852662697225,Turn Left
9.700538956049789,0.07694518811628444,-9.748971329803922,4.176715717209469e-05,9.090090365293255,0.2512161132522674,-0.3069791960784314,0.04458216,150.50282880392157,82.46801350980392,8865.987283961884,0.7365038431519341,Moving Forward
9.99293982887247,0.17119184926984812,-9.796487503137255,0.006371011613643288,6.2904373690617525,0.4209195620899153,-0.8905282,0.11190812,-51.41729922,83.90509478,538.3891896456217,1.2262363820990878,Moving Forward
9.711342026473826,0.09168881466180702,-9.761724836470588,0.008554854037389956,5.414721779305092,0.22693129732746914,-0.83552958,-0.04975022,-148.98114018,85.39576136,223.6900235670505,1.6467591865081226,Moving Forward
9.846148540458737,0.0400641478377922,-9.814088513333333,0.007636298420105711,3.624253935013238,0.26030445523933715,-0.63613222,-0.034214,-159.57059114,85.81439774,36.49673771829071,2.0980522641734765,Moving Forward
9.898015919292394,0.05806951050914413,-9.788534673333332,0.0016345015677761779,2.1426677184963983,0.7916994791664274,-0.51934798,-0.00847008,-167.16988468,84.98147686,7.52214200683713,1.4650225319993877,Moving Forward
9.762668056005,0.09630250981463152,-9.809803433333334,0.0013941760070397156,1.4343088568452338,0.8054196703685669,-0.5604315599999999,0.08134302,-161.66936944,84.30078626000001,3.1967434556974315,0.8920015634456738,Moving Forward
9.758985782424284,0.09416104240471851,-9.781381533333333,0.001258642159889692,3.1576426036197587,0.22451600695224141,-0.52473684,-0.09315086,-164.60493516,87.05724694,22.515096134754412,1.618829788380082,Moving Forward
9.86143363248607,0.013348019551109444,-9.76902988235294,0.0004169142183280895,1.8061117888255953,0.07932887083653763,-0.5816463921568628,0.0096601,-162.15679584,86.05460764,5.086734851878208,0.779948007182753,Moving Forward
9.725437006227132,0.0715824116103418,-9.755683642352942,0.00010308920419955768,2.313597121333673,0.06490905190475622,-0.6516579,-0.07053464,-157.16713005882352,86.9508965882353,9.11072883899614,2.1299593658140865,Moving Forward
9.893362925638119,0.07980345174578102,-9.801333722352942,9.638688830289064e-05,3.271640087117951,0.5067756978290415,-0.58031624,0.0593844,-162.4732589,84.45313,25.354527638581253,1.8621151885898064,Moving Forward
9.75926883676116,0.07166162200677342,-9.764625406666667,0.0018966018886762176,5.668996249435624,0.10833302547495656,-0.77011854,-0.0002158823529411,-120.67866132,84.20966544000001,288.7435581223779,1.3395146812442955,Moving Forward
9.823669359189969,0.1577725234668128,-9.795709746666667,0.0029372583658985206,3.919714610566048,0.359516703976512,-0.39995332,-0.1505863,-121.28380402,86.10610609999999,49.386063075949856,2.279073990907435,Moving Forward
9.790509487981318,0.061434158225986954,-9.760184606666668,0.0030099711921949906,2.96730488249182,0.6747509966980972,-0.6764133999999999,0.02342086,-117.85497052,82.55845786,18.43945731002825,0.7150989615187937,Moving Forward
9.860467422580781,0.37519840642824365,-9.798320260000002,0.0022741822389636943,4.825585298594928,1.4755477473932999,-0.23608606,0.3557574799999999,-132.74511772,79.59951006,123.65941001232125,0.3281837942630862,Moving Forward
9.860467422580781,0.37519840642824365,-9.815747,0.0025743520333487615,4.825585298594928,1.4755477473932999,-0.23608606,0.3557574799999999,-132.74511772,79.59951006,123.65941001232125,0.3281837942630862,Moving Forward
9.83508925253608,0.45008284601774773,-9.777127326666667,0.006079783541286493,2.509665184051908,1.3300289052781051,-1.80585376,0.42708544,-119.97935462,73.93262034,11.300810863310932,0.9743363951487596,Moving Forward
10.228170654591931,0.629287506730549,-9.84098480601307,0.029214572710708875,5.219713944383176,1.701375118861463,-1.7843686862745098,0.55870418,-83.2873716862745,75.15625396078431,183.881290174246,21.546680674918576,Turn Right
9.868975918960572,0.37391485756031356,-9.804920819346405,0.016535257593481137,3.5321286294127154,1.140096070234874,-1.46397962,0.36728064,-62.068965,77.55818546,33.19668225970746,1.6704228644625412,Turn Right
10.369060105439278,0.25072254544061245,-10.035270779346405,0.029001025417272078,5.024422858248179,1.03230239050663,-0.71116214,0.24176878,-44.539629000000005,80.1841874,151.08245764299994,29.407164165298827,Turn Right
9.355744437273179,0.0655839309039164,-9.79510296,0.003032272938455197,3.6037829351128288,0.7330365050424354,-0.89364464,0.0231264509803921,-56.15682146,83.1007244,35.73694539166067,10.06205700751991,Turn Right
9.89307834182734,0.4141715528264538,-9.834112826666667,0.0028901771906953426,1.139430212515199,0.5664761970385671,-0.91461598,0.4020823,-56.25853878,78.5905612,2.124987279172248,1.7267959690333985,Turn Right
9.873300006541848,0.3355043403884832,-9.667189966666667,0.0032150060145075326,2.3341315982468163,1.0779540146607272,-0.82467118,0.3266575,-40.21245302,79.96976176,9.320493701964695,2.674906418888488,Turn Right
9.740195254507285,0.08625835444454524,-9.801443793333332,0.0005652543828640849,4.924321684721047,0.5640031708268267,-0.50567538,-0.05936196,-58.26833404,85.84362702,136.59597652774522,0.47935649531321,Turn Right
9.918246530592361,0.2205842487190144,-9.819086562614379,0.007331863181056081,9.446396603587452,2.024261675636502,-0.4347136078431372,-0.0448013,41.77780092156864,85.99502652941177,12661.455111903448,1.2081318510971228,Moving Forward
10.090916576698413,0.40005124628096034,-9.897101322614377,0.009707396693672089,2.479509058947337,1.461264777591268,-0.4436324199999999,-0.38576402,122.2051508,81.45701404,10.935403399750596,3.382847941151124,Moving Forward
9.903165278328302,0.08597253494948257,-9.956912935947711,0.010139345215989956,3.6627041957179753,0.1594649074874398,-0.30656852,-0.0826158,87.74242076,86.21796988,37.966573766661575,2.9831392395968974,Turn Left
9.85358456785638,0.28243659500256213,-9.93191046,0.0002854059190143531,5.087364773873487,0.21276050126995236,-0.28571688,-0.2807852156862745,106.74936428,85.08574176,160.9624914027971,6.392805429050069,Turn Left
9.785503702711031,0.10263554914910135,-9.826650353333333,0.0008508158683954102,9.358514304958579,0.30749240262604327,-0.1628793599999999,-0.07126708,-15.0105477,88.33980532,11596.1459143937,2.2722626487872177,Turn Left
9.861794911143186,0.035622605898103524,-9.806237786666665,0.0016863765465200023,10.159407358442682,0.16541947151563607,-0.2576921,-0.02109756,-119.93786862,88.46504936,25831.98282308617,1.897111246423136,Moving Forward
9.839187476709046,0.05733699659366193,-9.803131273333333,0.0016605863983899585,7.9555606930459755,0.22511679625312084,-0.30885864,-0.05168752,-93.96045976,89.05483832,2850.3866335980124,1.672188356350073,Moving Forward
9.675763424211251,0.032378922267042795,-9.768793365359478,0.0008215141360240909,2.914507533321282,0.18974988486715877,-0.2628593137254902,0.01893058,-107.56273060784314,86.9691734117647,17.439729214144087,2.7625781509852017,Moving Forward
9.792985587743305,0.056895172778906294,-9.74753857869281,2.067347169609223e-05,1.4050386951097427,0.14079889928337966,-0.18779356,0.05221794,-112.70849462,85.2289885,3.0756844472732445,2.083027071822908,Moving Forward
9.826686940696966,0.0356246367913948,-9.74259585869281,0.0008803640615840904,3.0078330177845416,0.32784136440429185,-0.2051933199999999,0.00644888,-114.3950353,86.86114638,19.24348508892434,2.6323548520637243,Moving Forward
9.764713750863846,0.053265721684607616,-9.769927353333333,0.0012862025721927612,2.466921062865884,0.5843950891339402,-0.25486598,0.000889294117647,-112.75142326,86.46054405999999,10.786102261085247,1.377504905088018,Moving Forward
9.800806372906779,0.06638197010302722,-9.772310406666668,0.0013283995096001846,2.779841266916353,0.11830948818508308,-0.30543982,0.06449138,-101.15888388,84.62645388000001,15.116462529185316,1.9974204192995264,Moving Forward
9.771678898287336,0.03843665046302028,-9.753778926666667,0.0006604383459223438,2.0101950312354084,0.1650937860692595,-0.2279370399999999,0.03031608,-101.86972794,84.64639817999999,6.464773069272698,2.434172273937223,Moving Forward
9.787146835007169,0.08584995364343304,-9.76123938,0.00023138407197768803,1.4580881243217174,0.023687832888743918,-0.2270568,0.08467912,-96.88710672,84.10625347999999,3.29773493375773,2.6942704306343668,Moving Forward
9.669673033218038,0.04818819442626167,-9.716762810980391,0.000794974861274486,2.386836878903248,0.5281821619326561,-0.2554335294117646,0.02012206,-87.49237668627451,85.64262731372548,9.879027779173612,6.9271143202840335,Moving Forward
9.820239864295784,0.04478495388754573,-9.734612684313726,0.00032596656971568713,5.458966449581895,0.2744608243482936,-0.33463816,-0.0134792399999999,-47.4033114,86.55714386,233.8545648493866,2.7325189671115764,Moving Forward
9.81659665713123,0.09826428311318207,-9.74605591764706,0.00017424925096968575,5.987353245551453,0.7686340860568643,-0.66820442,-0.0745097,-0.6511467400000002,86.30684092,397.3588553094099,8.26915654786387,Moving Forward
9.870591025893678,0.09745956810441933,-9.818177986666667,0.0011653403807545951,5.520421938617377,0.22185325885084967,-0.45220666,-0.079815431372549,19.50156176,85.4584857,248.74039007679727,4.325435572865354,Moving Forward
9.95520133647784,0.27174755752300256,-9.862030826666667,0.0011991476211664215,4.191896699347961,0.7904292794042389,-0.5603956,-0.26372554,64.37185808,83.07742268,65.14813517754573,4.150081116823049,Moving Forward
10.228511229021725,0.3406546635779507,-10.002935806666665,0.0007566360299004433,2.636271804703437,0.25022130658661085,-0.48882954,-0.33506228,58.95893346,80.37895592,12.9610569148818,4.456109769127364,Moving Forward
9.95136932642355,0.28312233745763676,-10.02838088,0.011671917882284064,7.670436502612624,1.6496596611128858,-0.16287334,-0.22425256,93.06360612,86.0010645,2143.017110092894,1.0587333972024604,Turn Left
9.802599079749935,0.057728882851058184,-9.974982913333333,0.00878034448280247,10.060672713790773,0.2280678793447557,-0.23357426,-0.0348209,158.44829988,86.31630142,23403.245436288384,2.078506032190696,Turn Left
9.812823057032228,0.07735350068993635,-9.824570314117645,0.005017567006162482,4.069085267238212,0.021314540262538022,-0.0003551568627451,-0.0738572399999999,154.15307698039217,85.30841984313724,57.50342311067073,1.7201793002090655,Moving Forward
9.789058952186155,0.027936881472190127,-9.76190862745098,0.00042444129322568533,10.286621849762351,0.08679783325822882,-0.07819436,-0.01477152,156.60534304,85.34506078,29336.500281730125,1.0932783841764508,Moving Forward
9.83823822354794,0.018087894849678834,-9.77319816745098,0.00016069177528917246,3.011419307934212,0.04025421702877777,-0.13510904,0.0032141764705882,-63.20959292,85.87767232,19.31621443641444,2.2510592402025,Moving Forward
9.790508362125232,0.053310863417584974,-9.770678786666666,0.00015328381823211546,3.8446408700938455,0.06045223312271176,-0.1239333199999999,-0.04785722,89.66135705999999,85.69276085999999,45.74189492396244,1.169296934059951,Moving Forward
9.769476158729447,0.018209210286928974,-9.769264746666666,0.00021042145896671763,1.9145553457970408,0.09764828694158965,-0.16551686,0.00927224,-170.73968712,85.48930576000001,5.783921626986376,1.5280405175694285,Moving Forward
9.846990886547017,0.018493996306444965,-9.769488260000001,0.00021678758146555149,2.3886359508534927,0.12506012743430472,-0.16454078,-0.00201212,-126.54582354,84.37523854,9.898617549316258,5.0196008105287815,Moving Forward
9.846402073524473,0.029063901948871214,-9.789048553333332,0.00044933321829768456,2.1759546080430727,0.3923062386170793,-0.18821854,0.01269584,-168.35525714,85.01483825999999,7.81059177079065,2.270917892795301,Moving Forward
9.669769552661549,0.09013831659215962,-9.75087664745098,0.0010281379211896852,3.834040459765676,0.8701296364879686,-0.2193350980392157,-0.06119018,-83.07443321568628,84.93280482352941,45.24902856628707,3.5606804197748274,Moving Forward
9.982654995108685,0.11534339483427215,-9.80126086745098,0.0016836702672783505,2.400204424859727,0.7123572064953546,-0.2735950199999999,0.10900324,-156.30030124,83.36464758,10.0254300222693,10.263983551999647,Moving Forward
9.806741836678995,0.03655514499127585,-9.78998234745098,0.0016410039960315507,2.862497999325844,0.1595591009670241,-0.29819792,-0.03016014,-152.97509054,85.70712718,16.505200344457325,2.5731363361652417,Moving Forward
9.766707561218519,0.013641936847358796,-9.828729053333333,0.0001594060196547742,2.8195934204834483,0.6238270695109754,-0.51978804,0.0085930588235294,-135.81274136,85.8675291,15.770030934781037,4.22751879441555,Moving Forward
9.73512604185764,0.11645766632949159,-9.747603753333332,0.0015789111012406876,2.944792385012509,1.8169946035163393,-0.37690722,0.06736052,-141.396308,82.79907358,18.006715897724167,20.28541767901759,Moving Forward
9.95826432555567,0.1438339551709957,-9.792910513333334,0.007309886209345409,7.2923312775200175,1.6184185434783325,-0.8389484,-0.0511631,-106.31816548,85.46697958,1467.9913349030364,9.666492337096676,Moving Forward
9.848572534200176,0.1207868095648279,-9.820249686666665,0.014730595929661687,6.62438950170503,1.7205361512446045,-0.11456272,0.0010824999999999,-146.07472787999998,86.12020636,752.2442178451649,10.761202450706373,Moving Forward
9.876674125894306,0.030632275673615896,-9.862102070980393,0.013968185873732353,3.3263835854167856,0.058166387147699894,-0.0660390196078431,0.02213532,-35.8869817254902,83.97041235294118,26.83748755199976,2.647842051048713,Moving Forward
9.777512556779302,0.1289329450788633,-9.80596285764706,0.005345788621894889,3.6190555947418592,0.2276711746277204,-0.12090954,0.1138383599999999,-160.83897906,82.52075006000001,36.30232267214837,11.062928638865802,Moving Forward
9.7753427692784,0.0626797635525502,-9.78183301098039,0.000653067603254886,3.6485107300363953,0.5104297293867127,-0.32281874,0.04067696,-149.49216872,85.11530925999999,37.417409530314906,1.581555715451938,Moving Forward
9.814426709494295,0.01617336697079037,-9.764278093333333,0.00041658514555182816,1.2939409624211096,0.05487130702905521,-0.2402563599999999,-0.005147156862745,-161.22149588,85.82440609999999,2.647131478888315,1.6052248781111835,Moving Forward
9.86836041242971,0.08667992944514663,-9.795225713333332,0.0005147287701864259,2.8533528340908014,0.3103252760184564,-0.2000828399999999,0.07171802,-151.85349028000002,84.41866685999999,16.345842183835728,3.912137804999231,Moving Forward
9.669221207780977,0.18375611142492862,-9.756921386666667,0.0033677468569781816,5.836035517696201,0.5834611493720565,-0.63537168,0.14546114,-113.65876838,83.28537774,341.4191315964264,5.604750499544696,Moving Forward
9.884234651183956,0.09155442003726308,-9.739782066666669,0.0031723897793940765,3.1364671888893763,0.27483735935807296,-1.6960720800000002,0.08394866,-83.01874646,81.03751362,22.0223892683953,10.06120109102211,Moving Forward
9.79930090819852,0.11441208632899935,-9.69473751398693,0.005435313677497544,3.8544112851167673,0.27684298853713984,-1.2838743137254902,-0.07994162,-101.1033926470588,80.8776971372549,46.200820934331205,7.431182104714329,Moving Forward
9.9153810874932,0.06951511810296519,-9.778800673986929,0.0012149337980948902,4.325587817513613,0.6769824536031358,-0.20503462,0.0053828,-147.98333304,84.08817522,74.60994464922334,7.106142788197602,Moving Forward
9.734529233487073,0.04750346348737952,-9.769940060653594,0.0010996433704468889,2.4494474353195423,0.10557672390629785,-0.06970108,0.04572162,-151.88718968,85.46571169999999,10.581945176917417,5.083976332009756,Moving Forward
9.749377112618523,0.05129451529300346,-9.77761532,0.000781550681519732,3.514897929188993,0.6404586804750801,-0.1514879999999999,0.0232515098039215,-156.83855101999998,86.37388402,32.6124968940038,1.3651761077261808,Moving Forward
9.836803010089131,0.04312488181133949,-9.7551361,0.0009040777418307224,6.6121719266174175,0.06066465590770669,-0.29007886,-0.01291994,-129.01794082,88.3274793,743.0973898611655,2.7710371481679457,Moving Forward
9.741816381585203,0.05078506113997304,-9.761418053333335,0.00171547789398592,5.917100634322827,0.24607144621949506,-0.36804564,-0.03504834,-100.38219324,88.56776216,370.3335199297567,1.861055600708924,Moving Forward
9.413497683990533,0.06558578712415968,-9.649741279999999,0.0013897760835755528,5.1830812329535965,0.5616923737841939,-0.58557926,0.0490765799999999,-94.6424202,85.46785630000001,177.2311374528456,13.73413353806346,Moving Forward
10.29633011845804,0.07461261910271211,-9.800481032810458,0.0009551164751723545,7.140183242573879,0.6767947973584187,-0.3760297647058823,-0.05117636,-107.749054,87.89629449019608,1260.6595576623995,12.301085308646716,Moving Forward
9.782272283871196,0.053665002925966564,-9.811557979477124,0.0007171311738096874,3.695226895568803,0.45178866857018196,-0.39471416,0.00846402,-129.50287514,86.87584731999999,39.25470516608737,0.9051744543840508,Moving Forward
10.399416984327006,0.16401378510460027,-10.139106839477124,0.00041287716162808534,4.8120816013967405,1.3133530081232483,-0.6536727600000001,0.114934,-98.74276206,84.36585526,121.98736191030984,23.23761734525324,Moving Forward
9.266514895975318,0.164668889729779,-9.793402493333334,0.0003095600834071581,6.480876476853552,1.9322604592168908,-0.66768942,0.0660370980392156,-105.26827586,84.83893502000001,651.5426342137936,11.613046587411793,Moving Forward
9.864861197865741,0.06457078586980326,-9.814311033333333,0.00039345178146695415,9.259431348329239,0.2142060673723153,-0.12485538,-0.0567483799999999,-45.71192924,85.6843985,10502.159003037525,2.8961525740658627,Moving Forward
9.879487334447298,0.043562699573988756,-9.63792084,0.0002140446511832074,9.455539760055196,0.05809680261287228,-0.0961120799999999,0.0275771,-157.37432762,85.2301295,12777.760810622263,1.751408695477378,Moving Forward
9.75547521844593,0.05786739638681866,-9.8020126,0.0008451781653848834,9.287679370268613,0.4212921920924699,-0.31732814,0.04571784,-151.26570826,86.6853658,10803.08270878396,2.4591520263518545,Moving Forward
9.879119119731781,0.038062272341593054,-9.812000010980391,0.00023430894906888367,8.443406051299954,0.1864519409485502,-0.3637876274509804,-0.03630682,-151.69804470588235,87.88294039215685,4643.346959151437,2.043787694701793,Moving Forward
9.789393407436076,0.05036795310277747,-9.786323444313725,0.0004672543547540814,4.853805365275881,0.1568125170338802,-0.3767545599999999,-0.0385063599999999,-135.39059232,87.8534397,127.22741475600766,0.5428968759288414,Moving Forward
9.770698157374216,0.03556991838232976,-9.790259264313725,0.0001624649194788864,1.5279768036905552,0.2792806211059609,-0.5622068800000001,-0.0237616,-115.06442132,86.86052744,3.608842789470861,1.686154002342911,Moving Forward
9.859737041425301,0.032877830151583194,-9.783063033333335,0.000123755396643177,2.3052769631868144,0.3484165853928424,-0.53589462,0.0161178039215686,-120.26635418,86.43882538,9.02695496528481,9.356736621821822,Moving Forward
9.791580387277522,0.07720013915365165,-9.782500206666667,0.00030252207182977114,10.108701504097914,0.23014209149413414,-0.30966102,-0.0599678799999999,10.92163312,87.62772224,24554.75447930216,3.008787892794396,Moving Forward
9.789892087367464,0.05097269306171683,-9.785172666666668,0.0003595881613575874,9.814469909387748,0.0764960335763241,-0.1606908199999999,-0.03800378,-41.84457426,85.815626,18295.588659212764,5.53497480013483,Moving Forward
9.748739926648259,0.06777209107241998,-9.750567633333334,0.0010099048544063524,4.665864357053789,0.13961819760097657,-0.20360958,0.0541151599999999,-149.419454,85.66079257999999,105.25738986471094,1.4512058060306192,Moving Forward
9.897465753710515,0.029803938705520013,-9.784951547189543,0.0007043409689156841,1.328353363713331,0.019700039655921115,-0.4789363725490196,-0.0288242399999999,-136.34980548,87.19318824,2.7748225074943864,1.0758314878555535,Moving Forward
9.81341548973398,0.04454701666025234,-9.798651033856208,0.0002657105767731536,4.670887889451204,0.6375544910965153,-0.42775648,-0.02535958,-139.86815876470587,88.20705850980393,105.7925203023328,1.2822796034002808,Moving Forward
9.837696751509569,0.09787195237461241,-9.826705687189543,0.0004156557950968867,10.22494676549896,0.07493713977077159,-0.40156092,-0.09643418,17.629196599999997,88.97827783999999,27581.775077906696,1.6271407612673974,Moving Forward
9.81299083017433,0.06016773548440886,-9.799132606666667,0.00042099106197556184,6.764631640259786,0.1697911549564546,-0.4505361199999999,-0.0591987058823529,-105.85483172,88.60003782,865.6469111543782,8.71804053244977,Moving Forward
9.894510254697074,0.18639972428113616,-9.822629753333333,0.005662901805119958,8.84569378399313,1.7435956447445748,0.08138282,-0.11372894,48.3658169,87.11405404000001,6943.420316742314,2.784020968577609,Moving Forward
9.84760469049627,0.3638231205865316,-9.82969508,0.004823380480741794,3.43069098706347,0.6565518973116582,-0.28374694,-0.3527990599999999,11.97693658,82.87119106,29.897985483307668,3.72203782172654,Moving Forward
9.87658098505203,0.23682272915745314,-9.85384582,0.015093562289619673,8.322489150312398,1.4074110811336358,-0.4436654,-0.15254472,-86.58562864,86.76630196,4114.391096667125,1.4557788320223777,Turn Left
9.898266957390677,0.21107227512716775,-9.860808346666667,0.00705207712063409,3.804042250927349,0.7748078623045436,-0.46601988,0.1910007,-148.50211562,81.65421516,43.88224359439318,0.8957378262391335,Turn Left
9.690418480438048,0.21955934821806064,-9.804512774771242,0.006857989073414356,3.305847416470622,0.28992556790784224,-0.5286007843137255,0.2180757,-131.14704801960784,79.91923768627451,26.2716422382969,1.293601796180452,Moving Forward
9.80608626894666,0.29883106070208026,-9.776676674771242,0.002196076309459151,3.3094052785111088,0.49268255093458435,-0.69338218,0.28347258,-121.41669448,79.49315064000001,26.36884379132164,4.335078773105347,Turn Right
10.199332135358471,0.09354765694211202,-9.82146051477124,0.0021610374652901187,4.434862603838774,1.7328243013510536,-1.77924802,0.0164246470588235,-77.41064122,79.42039702,83.34053602629056,18.426624434134347,Turn Right
10.053698022535352,0.29261881511304844,-9.932339579999999,0.002476775947380888,4.455141014708741,1.1559898266817654,-1.03718114,0.28758062,-86.53369731999999,77.5775925,85.06828688384505,24.16737620203589,Moving Forward
9.483686081152632,0.09220812711175952,-9.81957208,0.0005413839520074531,3.6758465241610927,1.1481050155702601,-0.8670151,0.0059941999999999,-85.77002978,84.67149337999999,38.48206523685803,4.644059346199236,Moving Forward
9.990691052847552,0.13414621934544857,-9.797437153333334,0.00037252602788808803,5.370803866714464,0.2847433341709587,-0.13303734,-0.12981798,-54.41221832,87.38884110000001,214.03565825283764,2.193111220942729,Moving Forward
9.777313543715302,0.06400938612542695,-9.713621453333333,0.00030972971720328614,5.543633441023504,0.627868399610595,0.06841384,0.0404574,-68.85205826,86.82570302,254.6050401034352,0.9425912890471286,Moving Forward
10.285043728374987,0.3269712689585738,-9.970228962483661,0.02575109921685327,6.153060306280029,3.436316691454042,-1.110974980392157,-0.05643186,-33.858349901960786,80.79636900000001,469.1540026658351,3.335415503513596,Moving Forward
9.28465849587639,0.708739704844794,-9.679734015816994,0.1249891972005445,8.310783196384582,4.914744971488323,0.39501054,-0.56691698,-10.54476394,75.16090892,4066.4973857835657,6.750020486487152,Turn Left
9.846190141632281,0.11708491616105976,-9.680318809150327,0.1239512778558377,2.9223928849771243,0.8786946748552651,-0.7007438399999999,0.08153998,-163.18798686,82.27191498,17.585707753096656,0.1155847808564412,Moving Forward
9.864625131284571,0.3079681612639606,-9.557277533333334,0.11892217951422768,9.442196157946709,1.9915704967637435,-0.32507304,0.0371600980392156,-66.50106120000001,84.29269884,12608.378707841412,0.1133396836720409,Stop
9.685506281639618,0.4606936555493179,-9.741041386666668,0.07312326228810063,9.24515637733329,1.9971275062867926,-0.33220418,-0.38202004,67.28434724,84.31542428,10353.29177850005,0.930629048446582,Stop
9.83691805771892,0.28250864149405763,-9.7626215,0.0959159434292152,9.923548663447244,2.1870409317488666,-0.22722146,0.06665854,102.60243202,82.68389312,20404.273747303974,0.5049111125064893,Stop
9.746504247689817,0.17212289360524358,-9.70877178235294,0.04410708786403573,8.70990671575197,2.2824527960772545,0.2615942549019608,0.11555518,-43.88869170588235,83.15872007843136,6061.676909400166,2.3897013223881927,Moving Forward
9.845684124730184,0.1285492313458342,-9.761695762352941,0.03401188694417279,9.731184038854966,0.4539403138084875,-0.4381149,0.08265192,131.63925748,84.02156495999999,16833.47319496123,0.0539721575259574,Stop
9.800457178111772,0.10022636305381534,-9.742898849019609,0.008626891250330117,2.4668419061508664,0.01549822002002892,0.29779672,0.09859728,124.6690364,83.46425988000001,10.785169348871015,0.0131558372880819,Moving Forward
9.804657755618766,0.02621006153960787,-9.770965173333336,0.0027595000250851985,2.925809891467292,0.1912861748957177,0.2865282,0.00636,119.81962808,83.6067267,17.64932386354638,0.0276119276714241,Stop
9.813807003587748,0.06864269027569651,-9.771040000000001,0.00029138146979211456,3.0602781784830926,0.16579204481043755,0.4496559,-0.06266794,109.91043794,85.19719158,20.333490854800868,0.08887511855703,Stop
9.809973899319187,0.12081651454346955,-9.78669846,0.0026581776450291627,7.21057246548781,0.4928531794991234,0.1143233,-0.0505753199999999,96.61096026,86.73122133999999,1352.6669732310793,0.0352302187816146,Stop
9.785272857289996,0.13071607110771952,-9.757757660000001,0.005852987230144514,6.1577482342736625,2.087745785190519,0.57266414,0.09024496,-32.49325838,83.98621374,471.3632250680787,0.2982260855900527,Stop
9.851445815763686,0.1080271274605652,-9.75344659124183,0.010074561477766919,5.427690795840497,1.3020483560018414,-0.7817919019607843,0.06614492,85.9447324117647,84.6414801764706,226.6230100637672,0.0411749314546596,Stop
9.795019735337942,0.04813749557488006,-9.74657887124183,0.004401030090257188,9.315438945626056,0.355781213240279,0.1811234,0.0137662599999999,134.64818684,86.68699476,11107.201025509556,0.0093160588722793,Moving Forward
9.815533874475273,0.0744422832096409,-9.792255884575162,0.0043333936355835845,8.84918955807857,0.15460111082823108,-0.06568044,0.0743892199999999,134.07070424,88.0236278,6967.738922734967,0.0401121538287678,Stop
9.800241520533145,0.004408705161329974,-9.798165646666666,0.0007036802752489207,4.016150404483672,0.19908920442299552,0.01399588,0.0003556862745098,133.36184452,87.9348755,54.48709129853143,0.0351912588944898,Stop
9.81249095157733,0.039897377644657304,-9.805380613333334,0.00011010154950529963,2.8800129249175006,0.06557027602914835,0.07940986,-0.03444052,132.11331818,87.71239309999999,16.81450342911135,0.0125559389797342,Stop
9.792326442201636,0.17134764494853144,-9.794277713333333,0.00010510884445634027,1.8837012683668333,0.1061004225235499,-0.02218988,-0.169704,134.62807938,86.8312173,5.577806087364817,0.0401252643616391,Stop
9.811222247543121,0.2869904894573972,-9.7987454,0.01133459387498011,9.671230213662305,1.1506032927724774,0.1005399,0.23506258,68.61113356,87.20529096,15853.8418739562,0.0766102011716576,Stop
9.751044864861889,0.21508199968109096,-9.77938634130719,0.03458985138320038,8.541543516831268,1.1937264511327708,0.1199564117647058,-0.05010634,77.5744175490196,86.03564868627451,5122.246078415934,0.0755992872356009,Stop
9.837013543296349,0.03486518910736037,-9.786516501307188,0.03523002132765691,3.285927221656974,0.06953065531445499,0.3027454,0.0123187,121.15115672,84.56496134000001,25.733760948519848,0.0734176825831414,Stop
9.782906091816043,0.15605614333936874,-9.763022361307188,0.01398857446073372,10.159943078006807,0.7412180947482663,-0.2018881199999999,-0.10917612,146.92314182,83.97893755999999,25845.82576502057,0.0249573436166352,Stop
9.854419578892005,0.19877399910902982,-9.777370853333334,0.005045572984422948,10.094897039447892,1.2934602343502017,-0.32953978,-0.1142611176470588,136.51950226,83.22038166,24218.104417652736,0.0793044198860021,Stop
9.72313476370929,0.08697649957952774,-9.743549186666668,0.006961722555487728,7.277522664027848,0.2397749007242312,0.65235236,0.06316954,35.87532498,87.29901846000001,1446.3978891073302,0.0505466535512224,Stop
9.826563593116731,0.13345535036232156,-9.75710602,0.006347921492648315,10.305980629964408,0.49868738671150886,-0.25926084,0.1283165,137.41010298,84.92739913999999,29909.97144293713,0.0893478064503598,Stop
9.826563593116731,0.13345535036232156,-9.753511506666667,0.00013446157670451384,10.305980629964408,0.49868738671150886,-0.25926084,0.1283165,137.41010298,84.92739913999999,29909.97144293713,0.0893478064503598,Stop
9.80981616319966,0.03880278618319558,-9.786430166535949,2.913347846411421e-05,3.361561662835163,0.22378960469520798,0.0813044509803921,-0.0296521799999999,133.15276570588236,87.09523760784313,27.834185012381692,0.0248259721329795,Stop
9.804932220474745,0.04273832889926792,-9.790117486535948,0.0004797617445297128,2.4856453575353656,0.1749131374829153,0.00596064,0.04113046,136.64918566,87.02925718,11.00886776790956,0.0063448282825816,Stop
9.807306486966798,0.018037842525634725,-9.795010299869281,0.00031807598593771143,2.0511697685416572,0.21841294178976178,0.082727,-0.0030393,131.2089805,87.04782182000001,6.776993069365063,0.0207279853815792,Stop
9.805508162035887,0.017601752766967026,-9.792935506666668,0.0002397862432662252,1.1015799667539006,0.020071421713109928,0.05809118,0.0165652549019607,131.68418378,87.09943754,2.0089162580052435,0.0043680582834595,Stop
9.807834824009177,0.0005970615676795641,-9.79442738,0.00015067278365016047,0.35244924219550006,0.0011110159417422544,0.10841352,-0.0001066799999999,127.26152888,87.1429673,0.4225474485308201,0.0011207418302628,Stop
9.806947794099482,0.017931635718461365,-9.792717926666667,0.00013808610904971218,2.315158242258436,0.1997381567595214,0.0885199,0.0036430599999999,129.95495862,86.65075370000001,9.126525236186277,0.0150084528874567,Stop
9.808286970239953,0.022972786003277876,-9.793918426666666,0.0002974096600745113,2.86284769773861,0.1507804703872079,0.09837546,0.01463764,127.29623098,87.07799037999999,16.511322955704248,0.0056512431349392,Stop
9.807469294483516,0.011088694536148067,-9.794698522614379,0.00030832972608997816,0.27901675598997944,0.005192472749869411,0.1093784117647058,-0.00949216,123.92730121568628,87.53717166666665,0.3218294922457063,0.0014970707505231,Stop
9.811882210879737,0.007360757851525888,-9.798943722614379,0.00014662441370011083,0.12833841384613118,0.0037476203557717455,0.10813224,0.00683632,123.37419822,87.50688308000001,0.136937693058636,0.00101366353482,Stop
9.807423124540128,0.009575917022196883,-9.799458655947712,1.1547983149711774e-05,1.3656027797941033,0.004496375122290576,0.0856369199999999,-0.00466232,126.2354174,87.47284830000001,2.9180840822469443,0.0004762414247514,Stop
9.80782099040752,0.007156250570541277,-9.799162573333334,1.6690684243224293e-05,0.059998012656315075,0.004588601069472832,0.0819546,0.0067223529411764,127.94639932,87.4510619,0.0618344363133013,0.0005887063717861,Stop
9.813562078994691,0.0041063829005585925,-9.800300166666666,2.2775421771420298e-05,0.7194653635986128,0.004659197123096661,0.07419776,-0.00314118,125.9042395,87.68754638,1.0533351294285094,0.0028438460947347,Stop
9.931831966924099,0.24390061815619,-9.84346042,0.003008747739743338,6.253558989548689,1.6719730135153956,-0.15147,-0.20155046,109.09795174,85.50874196000001,518.8597114733906,0.278741852950214,Stop
9.45294087944692,0.5106085163060189,-9.459539793333335,0.05226743137989875,5.5633966964998605,3.782900902315956,-0.98996034,0.17327578,-52.7790235,66.49126942,259.7068761992788,2.195108524794786,Stop
9.072995676014008,0.6170487320083728,-8.938591223398694,0.2524183381865621,7.521442084777183,4.987802735795752,-0.9966950196078432,0.27434624,-72.49186584313725,67.15212498039216,1846.2292353797463,8.630628677716139,Moving Forward
10.12501034404816,0.1399145730630416,-8.965099083398693,0.24587271315152173,4.263555860407543,0.16507379169988476,-1.5174574,0.13945788,-127.09856238,82.1402058,70.06222206777149,2.7073309924732243,Moving Forward
9.802769248637535,0.06535238030221394,-9.31977453006536,0.09447162283781776,3.465228563046204,0.15426872108196138,-1.34482746,-0.04079756,-138.58467472,82.53867908000001,30.98376924548892,0.1648436646235383,Turn Left
9.802769248637535,0.06535238030221394,-9.808574973333334,0.0010993924445525385,3.465228563046204,0.15426872108196138,-1.34482746,-0.04079756,-138.58467472,82.53867908000001,30.98376924548892,0.1648436646235383,Moving Forward
9.877160093632178,0.25352503412560856,-9.743242846666666,0.0021089677915997612,1.6699627055238588,0.3575427135373278,-1.077169,0.2511350588235294,-144.97790894,80.55755066,4.31196968636024,0.4486164307368267,Moving Forward
9.804535453040131,0.08214220539689444,-9.748366186666665,0.0019520990942500777,3.031944055951761,0.7809766705073569,-1.13540696,-0.0648106,-132.79006528,84.27413214,19.73750830402659,0.7589167889166272,Moving Forward
9.857065695044758,0.052888754989596776,-9.777617346666666,0.00037865113954908955,2.7646675105164746,0.4604401416539531,-0.97512918,0.0128695199999999,-135.64072328,83.77659362,14.873761254419222,0.4832815479653162,Moving Forward
9.801087498213258,0.07983730510102405,-9.75029116,0.001051527878816129,4.314224664173962,0.0587243426920608,-1.16540752,0.0558022,-114.63078472,82.99718406,73.75564024254254,0.7366982902537798,Moving Forward
9.846274444180612,0.07115748167062125,-9.771224180653594,0.002697712763371599,3.3434415083380236,0.18801551924728602,-0.707880862745098,-0.05423398,-115.17966378431372,83.85355541176472,27.31641037051052,0.8858641611392098,Moving Forward
9.72056393039062,0.04052426991734213,-9.725040220653595,0.002655451752679598,3.211531411239895,0.15772771505829725,-0.7885961,-0.03504166,-114.51973648,83.9389795,23.81706226679345,0.3702172962473912,Moving Forward
9.706217107655208,0.05434816949968775,-9.694901907320261,0.001957032340421199,4.4551752221327225,0.28852952193144754,-0.51282164,-0.0280389599999999,-118.61046774,83.51934406000001,85.07123110858272,0.5927064929008976,Moving Forward
9.95166708201588,0.06269224666758964,-9.736828180000002,0.0002569614612468096,2.2231892993363918,0.7817823553818053,-0.69016976,-0.017710294117647,-92.22227314,82.21263112000001,8.23674267670662,0.4939190322621651,Moving Forward
9.912426765363836,0.15891734512910288,-9.794679846666666,0.000771701466666423,2.3482103398571263,0.44042541019020176,-1.23827598,0.14153102,-86.37583144,78.90684918,9.466820900531792,5.073808461371758,Moving Forward
9.690322056636152,0.31863434376057703,-9.775827040000001,0.0026738695865189017,5.03119734517337,1.4035380556775763,-1.43744282,-0.2948627,-60.50461144,81.50813756,152.11623596907614,1.8520094292285096,Moving Forward
9.879065495460507,0.260239978723821,-9.76062666,0.008448698640246522,5.982923410527051,1.6246644965830228,-0.1462279,-0.21330232,-84.04204798,84.84372531999999,395.598094120021,0.6052047165595953,Moving Forward
9.88621073680994,0.2192671681459575,-9.563755395816994,0.014819496395128116,3.8801442114415448,2.0516098051905405,0.066919725490196,-0.09742424,-54.0697965882353,66.97884211764706,47.43119890076823,2.82095324338648,Turn Left
9.826570854661673,0.095070178616847,-9.369028342483661,0.015766008648091696,2.326635387854894,0.562740050530948,-0.3870710799999999,0.07343846,-56.36080362,66.5773081,9.243418357251583,0.0263306129997015,Turn Left
9.84784691645897,0.040467664264343166,-9.123201515816994,0.01833740438669438,0.6359277870935851,0.41366037243482867,-0.81524664,0.01012596,-58.98149514,69.1146005,0.8887737086619707,0.0482926608221735,Stop
9.612043066909147,0.3964925453859293,-8.767928993333333,5.039630192983185e-05,3.8359666387785345,3.3326429533663626,-1.02935244,-0.3447939215686274,-64.44108176,63.79947268,45.33819832536625,1.1136337420457725,Stop
9.603163485409134,0.43689984786785035,-8.791385246666666,0.05400631022086946,7.206591683325191,3.7711727059830116,-1.76089618,-0.00570726,-68.04075908,75.30889464,1347.2890311996211,14.090414934172744,Moving Forward
10.243544799145186,0.3698163519281331,-9.111320926666666,0.05942772580354938,4.949288620632511,2.647276919083392,-1.7512293,0.27290254,121.4635529,77.67598162,140.07457067801187,11.777854992901952,Moving Forward
10.115703746834582,0.5615414557082634,-9.716891679999998,0.09055459872962013,1.107279464943884,1.0592171398182155,-1.5477604,0.5426854,-158.77341486,73.4824709,2.0261145349897167,0.8281342574345071,Moving Forward
9.847894010884408,0.22648159946261415,-9.94928627751634,0.005023818776353712,2.2733418736273543,0.939330468867573,-1.2455246470588237,0.2103402,-146.68249684,80.10111596,8.711802258993856,0.228144784514879,Turn Right
9.835246133590594,0.0901162466638419,-9.843731810849674,0.002149825188062503,4.524717804693462,0.48632349316070456,-1.04742284,0.0231299399999999,-116.94933901960783,81.15353598039215,91.2698840261865,0.3425883101477063,Turn Right
9.812781576826026,0.13357458192061686,-9.768642924183007,5.704838511450546e-05,5.263537771090807,1.2738487087011123,-0.77467798,-0.06802324,-84.72652926,81.64021222000001,192.16365270664497,0.8649519744399432,Moving Forward
10.031575610174297,0.48366146739567456,-9.840660273333333,0.001103743593832216,5.891733433400959,1.9086386651490888,-0.45746372,-0.4629947058823529,-18.94011274,81.47427564,361.0322996511095,0.7368454154465348,Moving Forward
10.029778547422957,0.872949814178968,-9.912971866666666,0.020257750136021845,6.379918108708115,1.8083393392000573,-0.77129804,-0.82041876,-53.45696276,82.1273504,588.8793996943978,0.808861353417846,Turn Left
9.79440964472964,0.4086956581460904,-9.911413106666666,0.018704206761752936,4.057784499115947,1.8120555330702726,-0.78759314,0.37899432,-157.90531633999998,79.59492178,56.84601111832899,0.6200047512023223,Turn Left
10.09235984156947,0.48594212811203596,-9.91461144,0.017275719613864905,4.03496076688389,0.7743719856224932,-1.42932368,0.47197184,-115.773375,76.55087302,55.54070192688395,12.633729828704244,Moving Forward
9.960868996177163,1.00143275508506,-9.863353026666667,0.0412741187362457,5.389899765459255,1.62211575338596,-1.48254402,0.90718866,-62.33721326,78.01379822,218.18141490440104,5.600835269147023,Turn Right
9.297887626174479,0.2576025090225838,-9.127830651633987,0.11168100332439958,6.151759616558039,4.884721520438702,-1.692113588235294,0.0710755199999999,4.695541431372549,60.282108176470594,468.5428757162448,3.649217818793393,Turn Right
9.922710404631651,0.1417117388914567,-9.057161598300654,0.11473792461556692,7.563193530721521,1.3873282704987957,-1.67413066,-0.0063804799999999,-43.29246282,87.53134456,1924.9863993360257,3.3289444369250534,Turn Right
9.825225839291225,0.38342856599325703,-9.03312458496732,0.016506653674761104,9.426570921288064,0.16815795834869254,-1.02316134,-0.3801412352941176,22.72958458,88.1975109,12412.885472868087,5.94446153900537,Moving Forward
9.971059867527911,0.16786978464496224,-9.820203746666667,0.0001814825741884492,9.698452376064955,0.2748236651038065,-0.95943884,-0.16470778,0.0469093999999995,89.07055968,16291.373209951636,2.867997952178033,Moving Forward
9.758218104271668,0.06033005745860011,-9.798980913333333,9.20954187126231e-05,4.073952849193388,0.6863463731191664,-0.7485274599999999,0.0070427,-152.40798275999998,85.56777179999999,57.78888751437654,6.551786015634102,Turn Left
9.927714997211051,0.03778075176625261,-9.8348364,0.0017290554467907927,2.878048826823358,0.7194208829637213,-0.76014632,-0.00503256,-154.2734705,85.46062704,16.779548335731416,4.837377703393153,Moving Forward
9.740449822175766,0.06948145711380843,-9.76099096,0.001933891395085727,1.330628289633635,0.4232902424389661,-0.6584776600000001,-0.05350688,-146.213074,85.27480194,2.7834197243692325,5.330506248875475,Moving Forward
9.912016432789956,0.012749646834841992,-9.811750236078431,0.0013263662190329277,1.794315781043164,0.09184701969713495,-0.6226053137254902,-0.0077992199999999,-143.96822941176472,84.6046645882353,5.015357491796431,5.226657028285606,Moving Forward
9.699309718340734,0.03267639033360937,-9.737222176078431,0.0005219272374735966,2.1191148883009374,0.09417788915474337,-0.64558646,0.02606106,-141.70230432,84.51569232,7.323766762869425,3.1987980088328665,Moving Forward
9.946267174205019,0.03818924256967137,-9.804436409411766,0.00016121012380892563,3.077444696011898,0.08974230130309001,-0.64157186,0.0256076,-137.4642116,84.08276522,20.70287403990921,6.846751922001171,Moving Forward
9.642890746256086,0.035916615291629504,-9.709812333333334,0.00011261391424194958,3.0509120426760568,0.19101637680785166,-0.8681646399999999,-0.0353555686274509,-121.190638,84.20578278,20.134611302546457,6.658294934046807,Moving Forward
9.913611114123526,0.021923188601779622,-9.77921598,0.00010741744546147923,2.6308411887605776,0.11202051652617025,-0.8376012199999999,-0.02150156,-123.40855474,83.81667052,12.88544527134464,8.710325464896908,Moving Forward
9.820924208895896,0.05629975458351119,-9.737669353333333,6.959458446325085e-05,2.4308934395381385,0.6391533095871881,-0.8230095199999999,-0.01293372,-121.6752484,82.71184204,10.369035089235352,8.208860286846718,Moving Forward
9.826305464261532,0.10359932753497776,-9.798331206666667,0.000323446625220127,2.4015342054044893,0.8505946639838311,-0.96750998,0.0884974,-117.44455382,82.73819512,10.040101177156782,5.268018530770319,Moving Forward
9.967184025044055,0.08989760375990895,-9.82147335398693,0.0015552771432027906,5.560783485796707,0.24396275194036138,-0.8247731176470589,-0.05848792,-88.41803956862746,85.21300107843138,259.02648359182393,7.431190467252369,Moving Forward
9.698396301992044,0.11356862843728986,-9.774317420653595,0.002266144795260391,4.3522280190654214,0.09080438437627406,-1.08435406,-0.10807242,-72.22018286000001,85.04420814,76.65127886493292,7.576852756009757,Moving Forward
9.767360117496349,0.07379040055143753,-9.753493720653594,0.003878355577838794,5.00552406685703,0.6172311668793422,-1.0673045,-0.02591196,-110.02746462,84.17174370000001,148.23527192844446,14.354662167300312,Moving Forward
9.820069958682886,0.031079285228240727,-9.69430756,0.0014840829492496804,3.4755579093380877,0.17676906179350424,-1.1083012600000002,0.0053003333333333,-111.65962474,83.0456761,31.31585282424288,9.963742376597882,Moving Forward
9.90414813834749,0.05252067886602377,-9.756967266666669,0.001562287094306507,3.4810412630669476,0.17920286938334096,-1.26784852,-0.0205417799999999,-109.67577858,83.30881758,31.493538788616373,17.310112334164177,Moving Forward
9.729776123154336,0.03038791731243842,-9.751380866666667,0.0008976268801979487,2.908656890586677,0.43754748336479427,-0.85405796,0.0265920399999999,-121.10781758,82.06109925999999,17.332159927962003,4.660096813178607,Moving Forward
9.88149810344098,0.043569645865005606,-9.778904679999998,0.0006141034205041288,2.932197926982275,0.1580669884167478,-0.93541082,0.04191976,-115.12253458,83.04569502,17.76883772971136,3.413169822006408,Moving Forward
9.815732275562201,0.04402919927741134,-9.758928225359476,0.000456394013992125,4.112155268786206,0.33216670311741664,-1.0478298235294117,-0.00394484,-102.70202788235294,83.13599443137255,60.07821578371711,25.024570966069405,Moving Forward
9.897752868477001,0.08008075442683087,-9.804906632026144,0.003193409898681595,4.575697412438827,0.23746885511304733,-1.16836842,-0.0424742799999999,-112.09539428,83.9025578,96.09573130027712,5.450345205131281,Moving Forward
9.700927475843782,0.041577178786743094,-9.743543185359476,0.0031979711244869286,2.977991012324386,0.1403287604961356,-0.92392968,0.02305022,-133.53224232,83.65605009999999,18.64830376749465,6.456361672646866,Moving Forward
9.827301405336868,0.018758728147762128,-9.74691518,0.002065660197844069,3.3913704453516447,0.5144077032463809,-1.02554438,0.0136072352941176,-113.91244298,83.20947004,28.706635707606257,21.590042881178277,Moving Forward
9.902954596662529,0.013994416361249226,-9.756335593333333,9.871518970869013e-06,2.20801961302996,0.2413877180817928,-0.90750886,0.00786076,-112.04398056,83.18106159999999,8.097681610891003,4.635745361140359,Moving Forward
9.744724554058775,0.041984102065467585,-9.774455933333334,1.6457324790639176e-05,2.591616063270937,0.26787059792411766,-0.89283332,-0.02643568,-103.94428374,82.09018513999999,12.351330773293052,2.435382674001355,Moving Forward
9.83729420446714,0.0528654299556146,-9.782704760000001,0.00022897608479292424,4.316570102866509,0.5656002440325878,-0.8991891599999999,0.03954064,-108.3240178,82.18588236,73.93118079298112,2.160983971563699,Moving Forward
10.04452864872299,0.0820676860084479,-9.82738294248366,0.00018757826791852386,4.743617722394772,1.3940228622792463,-1.0560216470588235,0.0049791599999999,-76.49501782352941,83.22718980392158,113.84894261074008,4.891646522310318,Moving Forward
9.702310648910261,0.13806534423071562,-9.80166542248366,0.0063834885098235875,6.010954575015612,0.17833749732738427,-1.22638474,-0.08088426,-113.8641414,85.6482471,406.8724793819437,1.7221288996241018,Moving Forward
9.74537437385209,0.0533424269071215,-9.76521226248366,0.004448015003652393,2.179719067085113,0.34317923078720336,-1.06335572,0.0257331,-151.17014054,83.3039963,7.843821389174801,0.6155636524787628,Moving Forward
10.30200309696393,0.08286788796109519,-9.846293566666667,0.008913936432693973,6.034027796863924,0.47021537070229646,-1.21421804,0.0203446666666666,-118.69902126,83.89793056,416.3928217086972,17.68481711378981,Moving Forward
9.580835366367914,0.07999240127668872,-9.812120613333333,0.004839982322258955,5.245455624927672,0.4073704677542814,-1.0247091,0.06038106,-128.40225602,82.54287682,188.7022286061685,19.642146942325457,Moving Forward
9.732872104482576,0.05459778303927001,-9.810840253333332,0.004233770016160861,3.333197493647218,0.08535323900004965,-0.91992998,0.03966764,-153.43955294,84.33950607999999,27.027817346013105,3.381680617611888,Moving Forward
9.698910050713845,0.04580822915498477,-9.618979233333334,0.0008577945531289257,2.132588214234995,0.33898676703715286,-0.7941735,-0.0411822,-162.39256884,86.25171770000001,7.436674498816663,1.6703443084332754,Moving Forward
9.854823926590832,0.01527787389282946,-9.71559477503268,7.086562501719354e-05,2.813254500064147,0.08424649905899223,-0.700255568627451,0.00869754,-161.5198987254902,85.58633201960785,15.664063258421727,4.625735637313195,Moving Forward
9.85028003747475,0.009433615803370245,-9.760177068366014,6.0112056009992674e-05,2.729831007541742,0.0703379232508249,-0.54503758,-0.0036501799999999,-162.17755296,85.47595144,14.330296096566922,6.592479192254267,Moving Forward
9.855783098887951,0.029666004086118507,-9.816382181699346,7.699095993852662e-05,2.2775459735950574,0.1382164158047516,-0.55270764,0.02143746,-158.37742604,84.7790921,8.75271759237009,3.244209218589661,Moving Forward
9.849103758207614,0.019975870761913025,-9.816076366666667,0.00011719757872167254,2.4268201192944723,0.027567805527007123,-0.6713719,0.0147306274509803,-148.21910332,85.07133226,10.322819557685952,3.3771674692576843,Moving Forward
9.75881833278812,0.050085066254671066,-9.780140100000002,0.00013236042379245755,1.4476592570606306,0.028549505005943946,-0.8532377,-0.0476216599999999,-139.36268894,84.86459538,3.2531473298279834,2.222421072923415,Moving Forward
9.80799695588078,0.017694234823015093,-9.758657793333334,0.00013150587470878907,2.3257816898165524,0.1194614155987443,-0.90572156,-0.00657576,-141.24883016,84.12498292000001,9.234677302735506,6.282334591064378,Moving Forward
10.003045427531845,0.037884941001057396,-9.805987366666667,0.0001291953235225274,2.042635716677265,0.028266455250424417,-0.91393648,0.03347026,-120.89983742,83.7768985,6.710906202628173,5.984140017735244,Moving Forward
9.635871642545522,0.03695300797211507,-9.765336633464052,0.0001308231840569274,3.1087973126977633,0.1587036361153927,-0.9461883137254902,-0.0338666,-74.71857456862746,84.72484556862744,21.39409510437937,3.4619903879931404,Moving Forward
9.967110793896948,0.03620351600990704,-9.816613966797384,0.0001301250224361261,2.78143530459866,0.034394600469042795,-1.00586924,0.03234794,-74.92526106,83.79382691999999,15.142173264258451,8.610123983650785,Moving Forward
9.76972841876014,0.021657636285282805,-9.736775000130718,0.00011502339734652549,2.6304671336093763,0.09129348405170774,-0.9442873,-0.0197452,-61.00956564,84.30403672,12.880252320299762,5.309911332327987,Moving Forward
9.762382557688538,0.022316011885368196,-9.78264988,0.00011493479515704005,3.2397368921713037,0.11872705410749275,-0.8218599799999999,-0.0139977450980392,-50.98137098,84.67451354,24.527004508981797,6.708943173001876,Moving Forward
9.854313072049582,0.03227619863383543,-9.746244606666666,3.543954165359818e-05,1.7458518474184905,0.10847518791093634,-0.8652008000000001,0.02343018,-64.87730426,84.61448796,4.7307811478847945,5.2807833580118695,Moving Forward
9.728543617308215,0.03505285544284223,-9.73559276,0.0005325759056521867,3.282645607469102,0.2601343673470553,-0.87058062,0.02346634,-56.95934554,84.0929213,25.64617484978928,8.117298920819838,Moving Forward
9.908181456450631,0.016410161029325656,-9.781385506666666,0.0005594806257337246,2.101243224589177,0.10164172655345792,-0.87537366,-0.0094929,-52.9131077,85.06805912,7.176328609264669,5.241654424595634,Moving Forward
9.833435963923977,0.026206172166083317,-9.776659368888888,0.0003832853683269245,2.1494335584537314,0.18618294061633003,-0.8696972941176471,0.01528608,-59.49295917647059,83.7495166862745,7.579996953704664,7.0505451707019065,Moving Forward
9.815760434318548,0.016179384313242468,-9.803257055555555,0.00010681698970452735,2.237613223478224,0.18875716618207236,-0.96247152,0.0116926199999999,-46.62385482,84.8191628,8.370938239096215,4.498078965253828,Moving Forward
9.79429729291765,0.017311906096972564,-9.762319208888888,4.470271376212686e-05,1.5975416082461977,0.12880565766369942,-1.00709672,0.0166951199999999,-50.4256326,83.96416956000002,3.9408708853653462,6.722878401900834,Moving Forward
9.796351542838421,0.05460752200920815,-9.749396046666666,0.0001428071765902577,3.1340538186399987,0.18067184035174993,-0.73737262,-0.052152862745098,-56.33534743999999,85.058142,21.96689471045793,8.22830121172411,Moving Forward
9.743713930898332,0.02331838084800912,-9.726522613333332,0.00015190932655217136,3.5368592579090197,0.2454525138494696,-0.958406,-0.0075385199999999,-50.77925854,83.84619464,33.35883730451873,5.092117290111413,Moving Forward
9.852741305012398,0.03553739885910048,-9.74664476,0.000253731907732424,2.7359858085843527,0.14738321229118756,-1.0077704,-0.0181733999999999,-50.27085878,82.72863471999999,14.424941983489605,3.1472512010345945,Moving Forward
9.725678667325678,0.08728946954415513,-9.716960486666666,0.0005409676682507905,4.419022238707747,0.22756057391788626,-1.1061487600000002,0.0693446399999999,-58.70225888,81.92558000000001,82.01507673478447,5.913765458342849,Moving Forward
9.99924407019382,0.11057387862812806,-9.790477144575163,0.002416700099440126,4.64822637455909,1.617702569377958,-1.286559862745098,-0.10034114,-74.83744815686275,81.44882898039215,103.39965538771028,13.834242892212975,Moving Forward
9.951779651136695,0.07470237948084109,-9.82535063124183,0.00401635726313453,5.229153238341748,0.5496616930243797,-0.93276432,0.0281459599999999,-135.2312376,84.18995648,185.6347014829281,1.491018157136665,Moving Forward
9.762808506989279,0.10858771428716049,-9.843240417908497,0.0021143650138817313,2.1332588930779095,0.15788903380522645,-0.92222322,0.09905394,-140.3587499,81.79818433999999,7.442334695782584,0.3033911478342872,Moving Forward
9.7021677614306,0.07538965073635216,-9.752475633333333,0.003813770435366716,3.5187439964260827,0.31989432102857324,-1.08600368,0.0503422745098039,-123.44561606,82.68944152,32.74202173803068,0.792947264157019,Moving Forward
9.847360482963223,0.16731705671816488,-9.680552193333332,0.0006170280484097423,2.871846102310459,1.8452792063775267,-1.74776848,-0.10895474,-76.92829618,78.74928684000001,16.66960801269429,4.313304936260296,Moving Forward
9.995094871251501,0.12174542375526236,-9.729059333333332,0.005634389191897274,4.0972276044119615,1.586856749519409,-1.56657332,0.07313222,-106.96986838,76.86154632,59.17323212916904,9.008418660464448,Moving Forward
9.800231203350114,0.13071274742516892,-9.688838653856209,0.006874610136076129,3.768656421338437,0.361805725604725,-2.040448058823529,0.10999794,-103.64362566666668,79.78588833333333,42.32181944379597,2.633090968404153,Moving Forward
10.13740251178575,0.10025184233477001,-9.771884947189543,0.007446541417680532,5.0730490813420115,1.620337221786606,-1.8908649200000005,0.03989076,-86.88182462,81.93388402000001,158.66040348118494,23.967489146287694,Moving Forward
9.725121688690356,0.2397321601954673,-9.700926480522876,0.008117647654147731,7.0277827084739135,1.8275249905169595,-1.17073044,-0.21435562,-131.61994392,86.55122155999999,1126.5277786691493,4.989258636688642,Moving Forward
9.846193813139022,0.16685702025508195,-9.790451626666666,0.0098383865093852,4.675018523822235,0.4901338172662948,-1.06138884,0.1391807450980392,-139.98596012,82.10058339999999,106.23455346745268,4.729934334053053,Moving Forward
9.743932643969544,0.07675437800332695,-9.694022193333334,0.009243681987359599,3.854958715405992,0.4373825864641222,-1.36569402,-0.06347474,-109.35723208,83.584596,46.22666716724684,8.72119844529605,Moving Forward
9.833008529354801,0.11707381538982994,-9.7271533,0.004692479516168533,6.2369474017061695,1.0513515722498017,-1.27965292,-0.0276687,-83.38961436,83.92934788000001,510.2953469969884,3.974460201444832,Moving Forward
9.902745267014803,0.1428723331691982,-9.745479186666666,0.012003940146662773,6.168220810958645,0.56412070047305,-1.07718998,0.03274498,-110.02063398,83.81663565999999,476.3360790132388,9.320157532536433,Moving Forward
9.801134090111407,0.07690832384498832,-9.78135313124183,0.01414089842959237,4.377727842356079,0.537225437766938,-0.923233,0.04595884,-122.59146643137257,83.954686,78.65683474112846,4.659483699185219,Moving Forward
9.816976750937496,0.01710132883685943,-9.791204664575163,0.009261511115696917,2.798076297114823,0.01931268481209168,-0.8823342,-0.00882124,-105.48926886,85.47401458,15.413042564955342,3.701109895240637,Moving Forward
9.789549691518593,0.035603698336178505,-9.760297937908497,0.0016359290550377213,3.000578455854381,0.27458875007546346,-0.79622724,0.00906394,-117.80523136,84.7779018,19.097158880679878,5.264027094912176,Moving Forward
9.79337351883972,0.034112639582180394,-9.760984933333335,0.00028677185421624305,3.345876733188046,0.1487190564309273,-0.83516426,0.027694862745098,-114.006379,84.01863734,27.38545122759412,9.742208663548093,Moving Forward
9.891023516866165,0.041803411094105646,-9.78443616,0.0006519433372347404,4.575506582207241,0.10725969890604314,-0.8304250999999999,0.0274606399999999,-119.26710768,85.0037344,96.07720426720232,2.5877993549212084,Moving Forward
9.778407262957916,0.038103233592696455,-9.779475493333331,0.0007459575085475878,4.091510317785019,0.23939831773771314,-0.75272772,-0.0245317399999999,-125.90345714,85.70299196,58.83018609450901,5.548585768261079,Moving Forward
9.778777061028006,0.07201052621871888,-9.774859106666666,0.0015821412867985233,4.4246410743517455,0.2266046118333259,-0.7396747600000001,0.05373318,-123.64196238,84.33618614,82.48283771230606,5.688544191276737,Moving Forward
9.972633865972398,0.07573108987630642,-9.79951782,0.0011304405722433212,2.3647528203359443,0.26556323932191517,-1.00169596,-0.06852988,-105.3949772,84.22560589999999,9.641408152707715,4.286150572735602,Moving Forward
9.781017794900555,0.024597452477823793,-9.797038677254902,0.0008164504976367868,3.1256802001572193,0.21132086815972623,-0.9902701764705882,0.02008324,-100.81063266666666,83.48944962745098,21.77538164412762,7.556928354965809,Moving Forward
9.86302459348353,0.05786111717694015,-9.82490372392157,0.00012276116518972132,4.156460189813709,0.2799111048137183,-0.67923648,0.04889192,-119.75607508,83.77978576,62.84512251465442,5.521526513635922,Moving Forward
9.83783869750493,0.04092668976021572,-9.783971837254903,0.00010215354948619551,2.3821446581113963,0.338589544980235,-0.8385981,-0.037378862745098,-98.87665678,83.46723200000001,9.828100553165834,5.146709221481619,Moving Forward
9.878673276648252,0.041007912482022214,-9.818118113333334,0.00022177636577209016,3.5244390857486616,0.2363274193723362,-0.92545048,0.00677528,-93.87079598,83.58349004,32.93473380109051,2.965785953557452,Moving Forward
9.799027920570888,0.06810711124853262,-9.798174586666667,0.0009748404725249151,3.4477306106081973,0.319456967769587,-0.7299510600000001,-0.0586721,-95.04572752,83.4554873,30.42898670680828,3.308950650631561,Moving Forward
9.841733205151161,0.12069189803164586,-9.796956153333333,0.005353662209798519,5.593756803991609,0.19074337819067885,-0.96744714,-0.03190862,-79.80727528,81.95235472,267.7433416802234,1.614362553339684,Moving Forward
9.959936016513389,0.2773531020045638,-9.830812726666666,0.008080548924994515,3.730333207526147,0.2431768743034329,-0.5312662800000001,-0.2681642,-70.49256218000001,81.44268244,40.69299827056814,0.5280466369273453,Moving Forward
10.05886292359831,0.3990038730616403,-9.88840624496732,0.03442177467716035,4.3089565351390196,3.592150991000332,-1.2862898627450985,-0.1453275,-84.7428264117647,72.24467025490196,73.36285341791604,4.605309658551315,Moving Forward
9.524547116579823,0.6101647406382804,-9.65627594496732,0.20535965622798816,6.636325372089385,4.919845838656236,-1.74681942,-0.17592424,-94.82980816,70.45698636,761.2887127800029,17.8619199655895,Moving Forward
10.080792514165474,0.2374823607210144,-9.68326780496732,0.20755480136422017,9.312464784239955,3.8607924685515846,-0.99997164,0.14334566,-42.03079224,78.22879348,11074.21252383138,7.553528063456989,Moving Forward
9.973925694039451,0.446770431063045,-9.662576546666665,0.1327990961292884,9.358489377714713,4.219437496386839,-1.38949752,-0.3596451764705882,2.1517193800000003,79.40727557999999,11595.856833112362,4.665031048918334,Moving Forward
10.002648524558442,0.6851951065350522,-9.94804792,0.03358817751032983,9.563594399264312,3.9401306037893025,-0.97910192,0.43258906,-10.854546699999998,79.30223028,14235.927543116492,7.569535236688888,Moving Forward
9.615271127044277,0.24624270457852432,-9.794688840000001,0.03449502512466281,8.394737160109205,2.6501192575642265,-1.0872431,-0.0027057199999999,-98.4203377,82.7105858,4422.724025804869,5.643856879242826,Moving Forward
9.758181673595669,0.4399683084487736,-9.738993673333333,0.022476515511931597,8.345549484927073,2.2546700040574894,-0.87125418,-0.29927356,-27.0320984,82.74306952,4210.39609166528,0.268280615663122,Turn Left
9.901734357551586,0.43677584475232234,-9.675101511633986,0.03409791705650971,9.33868548730807,4.30866871521254,-1.6560826470588237,-0.24141994,-66.13662315686275,71.21182609803923,11368.453122559218,12.022336205215757,Turn Right
10.669422137833573,0.13957883080816516,-10.002538631633987,0.03272074187261918,9.787889791265894,3.753080473135373,-0.7476023,-0.07947572,25.68572504,76.70639886,17815.669579350022,6.520424647828556,Moving Forward
9.487869029470355,0.6351127343693171,-9.910621751633986,0.06366469129769012,9.45433637101654,3.7239417672162816,-0.97162944,-0.01376194,44.12459868,77.5195649,12762.392238975144,6.317175696483696,Turn Left
10.002204250535678,0.5293715148354122,-9.989900886666666,0.12935255708680388,8.826011690629382,2.614380457314592,-0.20358266,0.2980428235294117,-106.4688766,77.65294985999999,6808.075887724838,9.268029453316636,Turn Left
9.614358649440021,0.8365468771036166,-9.564601306666667,0.2542185245516021,7.131133048641343,3.9965403043914316,-0.84075968,0.5710553199999999,-80.549841,72.7294477,1249.292807220318,1.9492992218083205,Turn Right
9.614358649440021,0.8365468771036166,-9.506650833333333,0.02123900135825586,7.131133048641343,3.9965403043914316,-0.84075968,0.5710553199999999,-80.549841,72.7294477,1249.292807220318,1.9492992218083205,Turn Left
9.976622165884331,0.30386290821345324,-8.772518466666666,0.1833375513404747,1.8939518625067766,3.2308654655747584,-0.7778334800000001,-0.2155999599999999,-55.85312894,52.49848652,5.645579272167029,0.5692384738623327,Turn Right
10.377945504656445,1.1636644863086423,-9.003595933333335,0.3076803585696577,7.792077197479342,4.39796097133824,-2.70678812,-0.91158544,26.3241181,69.4149681,2420.3419674997176,27.233892439599,Turn Right
10.13956759832441,0.3695618809948163,-9.122122724705882,0.13061850936950437,6.706748080815277,5.303792671690878,-3.1015237843137258,0.13900594,20.29430194117647,67.75288574509804,816.9065441048896,16.758686011341087,Turn Left
10.78379183764881,0.4540334797893115,-9.947736858039216,0.1316044894925157,6.512589948041279,4.776021023737642,-3.24156008,0.40244424,75.39286064,72.79701938,672.568668300927,8.36365466922192,Turn Left
9.37071229391672,0.765407082541423,-9.619305804705883,0.06770389430306648,8.670238821337636,5.203743736311375,-2.68624786,0.23812084,-26.2949578,69.18215254,5825.890769215524,23.069522485378457,Moving Forward
9.716214880097622,0.6918431447761374,-9.626166233333334,0.11271176036633748,8.847116646692873,3.0843595158756134,-1.11181894,0.463211,-108.5554258,77.67283018,6953.308306339907,18.263107289964783,Moving Forward
9.910985264176057,0.1622388315431654,-9.23906622,0.09262249085156932,3.416545750208468,1.8529773286692515,-2.9842123600000003,0.10907584,-126.69125612,65.22826044,29.4640027904877,0.8662445541824024,Turn Right
9.732339155872802,0.407544937293256,-9.416429393333333,0.07311503514234913,4.768299973699716,3.9910843749863196,-2.0197199,0.07270512,-136.12618248,78.6865733,116.71894645008528,0.5978999375695284,Moving Forward
10.316233929775766,0.40329806886980946,-9.6428975,0.02131709002215687,9.531885248555108,2.7256063908111074,0.0901784799999999,-0.38596956,39.48064688,85.24622144000001,13791.569009684692,7.487327002191442,Moving Forward
8.50646047426903,1.9180895707286714,-8.922409239084969,0.5525145264116783,7.270313446851197,6.655595300549142,-2.901357764705882,-1.3386298600000002,-91.56351098039217,45.86646427450981,1436.0008058298367,10.248392910424636,Moving Forward
9.16471949807322,0.7302166198399525,-3.832585605751634,0.31927167794578065,2.460082988952425,5.18930648371744,1.51020954,-0.2249097199999999,-132.49783182,-39.329417320000005,10.705782950336497,3.983426894622623,Moving Forward
9.85597840428889,0.30273497544736583,1.2481798942483662,0.5567113359021684,1.5966894535895446,2.3358584206003825,0.8905611,0.14702126,-122.845007,-29.932941380000003,3.936662292673069,0.2285247518131424,Stop
